pipeline,track,variant,cos_own,cos_nearest_other,nearest_other,rank1_self
A ref/whole,01 - Allele.flac,shift0.5,0.99972,0.94762,03 - Tight Dirt II.flac,1
A ref/whole,01 - E.flac,shift0.5,0.99958,0.94599,09 - Ignored Pets.flac,1
A ref/whole,01 - ITSAME [group hugg].flac,shift0.5,0.99956,0.91805,16 - brothers [drop mic].flac,1
A ref/whole,01 - If You Really Love Nothing.flac,shift0.5,0.99978,0.97463,05 - Stay In Touch.flac,1
A ref/whole,01 - Intrus.flac,shift0.5,0.99922,0.80377,08 - Neptus.flac,1
A ref/whole,02 - Cloud-pine.flac,shift0.5,0.99954,0.8853,03 - Tight Dirt II.flac,1
A ref/whole,02 - Fwd_ Re_ late (Ref._ karoshi).flac,shift0.5,0.99927,0.89859,12 - consent.flac,1
A ref/whole,02 - Hare Tarot Lies.flac,shift0.5,0.99946,0.96951,11 - Uhy Yuoi Yoi.flac,1
A ref/whole,02 - Sun.flac,shift0.5,0.9987,0.9069,07 - Jupiter.flac,1
A ref/whole,02 - The Rover.flac,shift0.5,0.99949,0.98426,04 - Flight of Fancy.flac,1
A ref/whole,03 - Complications.flac,shift0.5,0.99956,0.98193,07 - Mountain Child.flac,1
A ref/whole,03 - Europa (feat. Ania Iwanek).flac,shift0.5,0.99898,0.87672,02 - Sun.flac,1
A ref/whole,03 - Prodigy.flac,shift0.5,0.99889,0.96961,08 - Wrack Attack.flac,1
A ref/whole,03 - Tight Dirt II.flac,shift0.5,0.99968,0.94508,01 - Allele.flac,1
A ref/whole,03 - morning narcomnastics.flac,shift0.5,0.99912,0.93742,16 - brothers [drop mic].flac,1
A ref/whole,04 - Flight of Fancy.flac,shift0.5,0.99959,0.98127,02 - The Rover.flac,1
A ref/whole,04 - Magical Electronic Crickets.flac,shift0.5,0.99954,0.93755,03 - Tight Dirt II.flac,1
A ref/whole,04 - PROVE UR NOT A ROBOT [SKIP].flac,shift0.5,0.99516,0.81914,01 - ITSAME [group hugg].flac,1
A ref/whole,04 - Slug Night.flac,shift0.5,0.99978,0.9617,06 - Lizard Kids.flac,1
A ref/whole,04 - Ziemia.flac,shift0.5,0.99975,0.90318,06 - re_ laps (roll with iD).flac,1
A ref/whole,05 - (g)Raveyard tools.flac,shift0.5,0.99921,0.96041,08 - a star is bored.flac,1
A ref/whole,05 - Blue Neck Riviera.flac,shift0.5,0.99939,0.95737,07 - Lunar Phobia.flac,1
A ref/whole,05 - Phil K..flac,shift0.5,0.99816,0.82859,02 - Sun.flac,1
A ref/whole,05 - Stay In Touch.flac,shift0.5,0.99962,0.97764,09 - Surveillance.flac,1
A ref/whole,05 - Yambe-Akka III.flac,shift0.5,0.99952,0.92158,06 - Eschaton.flac,1
A ref/whole,06 - Eschaton.flac,shift0.5,0.99941,0.92449,05 - Yambe-Akka III.flac,1
A ref/whole,06 - Interlude 1.flac,shift0.5,0.99905,0.84526,12 - Interlude 2.flac,1
A ref/whole,06 - Lizard Kids.flac,shift0.5,0.99849,0.97907,09 - Ignored Pets.flac,1
A ref/whole,06 - Planet Brasil.flac,shift0.5,0.99972,0.8953,02 - Sun.flac,1
A ref/whole,06 - re_ laps (roll with iD).flac,shift0.5,0.99758,0.89478,02 - Sun.flac,1
A ref/whole,07 - Jupiter.flac,shift0.5,0.99851,0.91147,02 - Sun.flac,1
A ref/whole,07 - Lunar Phobia.flac,shift0.5,0.99919,0.95847,05 - Blue Neck Riviera.flac,1
A ref/whole,07 - Mountain Child.flac,shift0.5,0.99935,0.98131,03 - Complications.flac,1
A ref/whole,07 - Reptikon 7.flac,shift0.5,0.99919,0.91314,17 - No fair (42T).flac,1
A ref/whole,08 - NYSMAW.flac,shift0.5,0.99947,0.97895,09 - Surveillance.flac,1
A ref/whole,08 - Neptus.flac,shift0.5,0.99961,0.8509,02 - Sun.flac,1
A ref/whole,08 - Wrack Attack.flac,shift0.5,0.99655,0.96821,03 - Prodigy.flac,1
A ref/whole,08 - a star is bored.flac,shift0.5,0.99903,0.96005,05 - (g)Raveyard tools.flac,1
A ref/whole,09 - Fiasko.flac,shift0.5,0.99737,0.68356,15 - medal headz [G.B.D.F].flac,1
A ref/whole,09 - Ignored Pets.flac,shift0.5,0.99924,0.98237,06 - Lizard Kids.flac,1
A ref/whole,09 - PROVE UR NOT A ROWBOAT [SKIPPER].flac,shift0.5,0.9983,0.6983,04 - PROVE UR NOT A ROBOT [SKIP].flac,1
A ref/whole,09 - Surveillance.flac,shift0.5,0.99959,0.98066,08 - NYSMAW.flac,1
A ref/whole,10 - Number 10.flac,shift0.5,0.99872,0.95952,02 - The Rover.flac,1
A ref/whole,10 - Pleasure.flac,shift0.5,0.9986,0.8522,07 - Reptikon 7.flac,1
A ref/whole,10 - evening narcomnastics [DON’T_POST!].flac,shift0.5,0.99896,0.93513,08 - a star is bored.flac,1
A ref/whole,11 - F1 Halo.flac,shift0.5,0.99627,0.71603,03 - morning narcomnastics.flac,1
A ref/whole,11 - Party's Over.flac,shift0.5,0.99937,0.97806,02 - The Rover.flac,1
A ref/whole,11 - Uhy Yuoi Yoi.flac,shift0.5,0.99894,0.96943,02 - Hare Tarot Lies.flac,1
A ref/whole,12 - Interlude 2.flac,shift0.5,0.99823,0.8385,06 - Interlude 1.flac,1
A ref/whole,12 - consent.flac,shift0.5,0.99951,0.89773,02 - Fwd_ Re_ late (Ref._ karoshi).flac,1
A ref/whole,13 - It Probably Matters.flac,shift0.5,0.99907,0.97783,08 - NYSMAW.flac,1
A ref/whole,13 - tracing Rays [reality glo].flac,shift0.5,0.999,0.91307,15 - medal headz [G.B.D.F].flac,1
A ref/whole,14 - ad interim.flac,shift0.5,0.99844,0.90998,13 - tracing Rays [reality glo].flac,1
A ref/whole,15 - medal headz [G.B.D.F].flac,shift0.5,0.99907,0.91421,08 - a star is bored.flac,1
A ref/whole,16 - brothers [drop mic].flac,shift0.5,0.99915,0.93572,03 - morning narcomnastics.flac,1
A ref/whole,17 - No fair (42T).flac,shift0.5,0.99964,0.91309,07 - Reptikon 7.flac,1
A ref/whole,01 - Allele.flac,shift1.2,0.99961,0.94667,03 - Tight Dirt II.flac,1
A ref/whole,01 - E.flac,shift1.2,0.99936,0.94403,09 - Ignored Pets.flac,1
A ref/whole,01 - ITSAME [group hugg].flac,shift1.2,0.99947,0.91694,16 - brothers [drop mic].flac,1
A ref/whole,01 - If You Really Love Nothing.flac,shift1.2,0.99959,0.97468,07 - Mountain Child.flac,1
A ref/whole,01 - Intrus.flac,shift1.2,0.99883,0.80086,02 - Sun.flac,1
A ref/whole,02 - Cloud-pine.flac,shift1.2,0.99969,0.88332,03 - Tight Dirt II.flac,1
A ref/whole,02 - Fwd_ Re_ late (Ref._ karoshi).flac,shift1.2,0.9993,0.89508,12 - consent.flac,1
A ref/whole,02 - Hare Tarot Lies.flac,shift1.2,0.99926,0.97193,11 - Uhy Yuoi Yoi.flac,1
A ref/whole,02 - Sun.flac,shift1.2,0.99892,0.90687,07 - Jupiter.flac,1
A ref/whole,02 - The Rover.flac,shift1.2,0.99933,0.98277,03 - Complications.flac,1
A ref/whole,03 - Complications.flac,shift1.2,0.9993,0.98142,02 - The Rover.flac,1
A ref/whole,03 - Europa (feat. Ania Iwanek).flac,shift1.2,0.99903,0.8763,02 - Sun.flac,1
A ref/whole,03 - Prodigy.flac,shift1.2,0.99919,0.96696,09 - Ignored Pets.flac,1
A ref/whole,03 - Tight Dirt II.flac,shift1.2,0.99964,0.94606,01 - Allele.flac,1
A ref/whole,03 - morning narcomnastics.flac,shift1.2,0.99826,0.93535,16 - brothers [drop mic].flac,1
A ref/whole,04 - Flight of Fancy.flac,shift1.2,0.99949,0.98098,02 - The Rover.flac,1
A ref/whole,04 - Magical Electronic Crickets.flac,shift1.2,0.99971,0.93884,03 - Tight Dirt II.flac,1
A ref/whole,04 - PROVE UR NOT A ROBOT [SKIP].flac,shift1.2,0.99476,0.82188,01 - ITSAME [group hugg].flac,1
A ref/whole,04 - Slug Night.flac,shift1.2,0.99951,0.95953,06 - Lizard Kids.flac,1
A ref/whole,04 - Ziemia.flac,shift1.2,0.99961,0.89892,06 - re_ laps (roll with iD).flac,1
A ref/whole,05 - (g)Raveyard tools.flac,shift1.2,0.99931,0.96198,08 - a star is bored.flac,1
A ref/whole,05 - Blue Neck Riviera.flac,shift1.2,0.99929,0.95587,07 - Lunar Phobia.flac,1
A ref/whole,05 - Phil K..flac,shift1.2,0.99625,0.814,02 - Sun.flac,1
A ref/whole,05 - Stay In Touch.flac,shift1.2,0.9995,0.97916,09 - Surveillance.flac,1
A ref/whole,05 - Yambe-Akka III.flac,shift1.2,0.99945,0.92113,06 - Eschaton.flac,1
A ref/whole,06 - Eschaton.flac,shift1.2,0.99926,0.92367,05 - Yambe-Akka III.flac,1
A ref/whole,06 - Interlude 1.flac,shift1.2,0.99061,0.85292,12 - Interlude 2.flac,1
A ref/whole,06 - Lizard Kids.flac,shift1.2,0.99583,0.9782,09 - Ignored Pets.flac,1
A ref/whole,06 - Planet Brasil.flac,shift1.2,0.99961,0.89544,02 - Sun.flac,1
A ref/whole,06 - re_ laps (roll with iD).flac,shift1.2,0.99769,0.89227,06 - Eschaton.flac,1
A ref/whole,07 - Jupiter.flac,shift1.2,0.99853,0.91367,02 - Sun.flac,1
A ref/whole,07 - Lunar Phobia.flac,shift1.2,0.99878,0.95571,05 - Blue Neck Riviera.flac,1
A ref/whole,07 - Mountain Child.flac,shift1.2,0.99904,0.98133,03 - Complications.flac,1
A ref/whole,07 - Reptikon 7.flac,shift1.2,0.99928,0.91391,17 - No fair (42T).flac,1
A ref/whole,08 - NYSMAW.flac,shift1.2,0.99936,0.97847,09 - Surveillance.flac,1
A ref/whole,08 - Neptus.flac,shift1.2,0.9994,0.85358,01 - Allele.flac,1
A ref/whole,08 - Wrack Attack.flac,shift1.2,0.99643,0.96266,03 - Prodigy.flac,1
A ref/whole,08 - a star is bored.flac,shift1.2,0.99861,0.96231,05 - (g)Raveyard tools.flac,1
A ref/whole,09 - Fiasko.flac,shift1.2,0.99665,0.67618,15 - medal headz [G.B.D.F].flac,1
A ref/whole,09 - Ignored Pets.flac,shift1.2,0.99876,0.98261,06 - Lizard Kids.flac,1
A ref/whole,09 - PROVE UR NOT A ROWBOAT [SKIPPER].flac,shift1.2,0.99714,0.69917,04 - PROVE UR NOT A ROBOT [SKIP].flac,1
A ref/whole,09 - Surveillance.flac,shift1.2,0.99955,0.97957,08 - NYSMAW.flac,1
A ref/whole,10 - Number 10.flac,shift1.2,0.99825,0.95911,02 - The Rover.flac,1
A ref/whole,10 - Pleasure.flac,shift1.2,0.99761,0.85393,07 - Lunar Phobia.flac,1
A ref/whole,10 - evening narcomnastics [DON’T_POST!].flac,shift1.2,0.99885,0.93435,08 - a star is bored.flac,1
A ref/whole,11 - F1 Halo.flac,shift1.2,0.9955,0.70792,03 - morning narcomnastics.flac,1
A ref/whole,11 - Party's Over.flac,shift1.2,0.99934,0.97815,02 - The Rover.flac,1
A ref/whole,11 - Uhy Yuoi Yoi.flac,shift1.2,0.99898,0.96859,02 - Hare Tarot Lies.flac,1
A ref/whole,12 - Interlude 2.flac,shift1.2,0.99816,0.84668,06 - Interlude 1.flac,1
A ref/whole,12 - consent.flac,shift1.2,0.99911,0.89401,02 - Fwd_ Re_ late (Ref._ karoshi).flac,1
A ref/whole,13 - It Probably Matters.flac,shift1.2,0.99916,0.97788,08 - NYSMAW.flac,1
A ref/whole,13 - tracing Rays [reality glo].flac,shift1.2,0.9988,0.91875,15 - medal headz [G.B.D.F].flac,1
A ref/whole,14 - ad interim.flac,shift1.2,0.99875,0.9044,13 - tracing Rays [reality glo].flac,1
A ref/whole,15 - medal headz [G.B.D.F].flac,shift1.2,0.99884,0.91208,08 - a star is bored.flac,1
A ref/whole,16 - brothers [drop mic].flac,shift1.2,0.99819,0.9369,03 - morning narcomnastics.flac,1
A ref/whole,17 - No fair (42T).flac,shift1.2,0.99923,0.91193,07 - Reptikon 7.flac,1
A ref/whole,01 - Allele.flac,shift3.0,0.99939,0.94633,03 - Tight Dirt II.flac,1
A ref/whole,01 - E.flac,shift3.0,0.99945,0.94628,09 - Ignored Pets.flac,1
A ref/whole,01 - ITSAME [group hugg].flac,shift3.0,0.9992,0.91448,16 - brothers [drop mic].flac,1
A ref/whole,01 - If You Really Love Nothing.flac,shift3.0,0.99946,0.97507,07 - Mountain Child.flac,1
A ref/whole,01 - Intrus.flac,shift3.0,0.99848,0.80758,08 - Neptus.flac,1
A ref/whole,02 - Cloud-pine.flac,shift3.0,0.99936,0.88377,03 - Tight Dirt II.flac,1
A ref/whole,02 - Fwd_ Re_ late (Ref._ karoshi).flac,shift3.0,0.99877,0.90024,12 - consent.flac,1
A ref/whole,02 - Hare Tarot Lies.flac,shift3.0,0.99821,0.96743,11 - Uhy Yuoi Yoi.flac,1
A ref/whole,02 - Sun.flac,shift3.0,0.99881,0.90845,07 - Jupiter.flac,1
A ref/whole,02 - The Rover.flac,shift3.0,0.99907,0.98136,04 - Flight of Fancy.flac,1
A ref/whole,03 - Complications.flac,shift3.0,0.99862,0.98373,02 - The Rover.flac,1
A ref/whole,03 - Europa (feat. Ania Iwanek).flac,shift3.0,0.99836,0.87899,02 - Sun.flac,1
A ref/whole,03 - Prodigy.flac,shift3.0,0.9985,0.96877,08 - Wrack Attack.flac,1
A ref/whole,03 - Tight Dirt II.flac,shift3.0,0.99945,0.94379,01 - Allele.flac,1
A ref/whole,03 - morning narcomnastics.flac,shift3.0,0.99867,0.93968,16 - brothers [drop mic].flac,1
A ref/whole,04 - Flight of Fancy.flac,shift3.0,0.99919,0.98044,02 - The Rover.flac,1
A ref/whole,04 - Magical Electronic Crickets.flac,shift3.0,0.99902,0.934,03 - Tight Dirt II.flac,1
A ref/whole,04 - PROVE UR NOT A ROBOT [SKIP].flac,shift3.0,0.99444,0.82791,01 - ITSAME [group hugg].flac,1
A ref/whole,04 - Slug Night.flac,shift3.0,0.99956,0.96168,06 - Lizard Kids.flac,1
A ref/whole,04 - Ziemia.flac,shift3.0,0.99953,0.90299,06 - re_ laps (roll with iD).flac,1
A ref/whole,05 - (g)Raveyard tools.flac,shift3.0,0.99842,0.95909,08 - a star is bored.flac,1
A ref/whole,05 - Blue Neck Riviera.flac,shift3.0,0.99846,0.9558,07 - Lunar Phobia.flac,1
A ref/whole,05 - Phil K..flac,shift3.0,0.99798,0.83539,02 - Sun.flac,1
A ref/whole,05 - Stay In Touch.flac,shift3.0,0.99949,0.97661,09 - Surveillance.flac,1
A ref/whole,05 - Yambe-Akka III.flac,shift3.0,0.99897,0.91699,06 - Eschaton.flac,1
A ref/whole,06 - Eschaton.flac,shift3.0,0.9994,0.92657,05 - Yambe-Akka III.flac,1
A ref/whole,06 - Interlude 1.flac,shift3.0,0.99001,0.85694,12 - Interlude 2.flac,1
A ref/whole,06 - Lizard Kids.flac,shift3.0,0.99582,0.98222,09 - Ignored Pets.flac,1
A ref/whole,06 - Planet Brasil.flac,shift3.0,0.99964,0.89371,02 - Sun.flac,1
A ref/whole,06 - re_ laps (roll with iD).flac,shift3.0,0.99593,0.90425,06 - Eschaton.flac,1
A ref/whole,07 - Jupiter.flac,shift3.0,0.99864,0.9154,02 - Sun.flac,1
A ref/whole,07 - Lunar Phobia.flac,shift3.0,0.99842,0.95671,05 - Blue Neck Riviera.flac,1
A ref/whole,07 - Mountain Child.flac,shift3.0,0.99865,0.98193,03 - Complications.flac,1
A ref/whole,07 - Reptikon 7.flac,shift3.0,0.99924,0.91179,17 - No fair (42T).flac,1
A ref/whole,08 - NYSMAW.flac,shift3.0,0.99956,0.98008,09 - Surveillance.flac,1
A ref/whole,08 - Neptus.flac,shift3.0,0.99882,0.85699,01 - Allele.flac,1
A ref/whole,08 - Wrack Attack.flac,shift3.0,0.99619,0.96976,03 - Prodigy.flac,1
A ref/whole,08 - a star is bored.flac,shift3.0,0.99838,0.9607,05 - (g)Raveyard tools.flac,1
A ref/whole,09 - Fiasko.flac,shift3.0,0.9962,0.67989,15 - medal headz [G.B.D.F].flac,1
A ref/whole,09 - Ignored Pets.flac,shift3.0,0.99802,0.97964,06 - Lizard Kids.flac,1
A ref/whole,09 - PROVE UR NOT A ROWBOAT [SKIPPER].flac,shift3.0,0.9965,0.6929,04 - PROVE UR NOT A ROBOT [SKIP].flac,1
A ref/whole,09 - Surveillance.flac,shift3.0,0.99966,0.98062,08 - NYSMAW.flac,1
A ref/whole,10 - Number 10.flac,shift3.0,0.99749,0.96034,02 - The Rover.flac,1
A ref/whole,10 - Pleasure.flac,shift3.0,0.99735,0.84885,07 - Reptikon 7.flac,1
A ref/whole,10 - evening narcomnastics [DON’T_POST!].flac,shift3.0,0.99899,0.93556,08 - a star is bored.flac,1
A ref/whole,11 - F1 Halo.flac,shift3.0,0.99441,0.71482,03 - morning narcomnastics.flac,1
A ref/whole,11 - Party's Over.flac,shift3.0,0.99937,0.97784,02 - The Rover.flac,1
A ref/whole,11 - Uhy Yuoi Yoi.flac,shift3.0,0.99842,0.97006,02 - Hare Tarot Lies.flac,1
A ref/whole,12 - Interlude 2.flac,shift3.0,0.99688,0.85587,06 - Interlude 1.flac,1
A ref/whole,12 - consent.flac,shift3.0,0.99887,0.89884,02 - Fwd_ Re_ late (Ref._ karoshi).flac,1
A ref/whole,13 - It Probably Matters.flac,shift3.0,0.99918,0.97844,08 - NYSMAW.flac,1
A ref/whole,13 - tracing Rays [reality glo].flac,shift3.0,0.99795,0.91507,01 - ITSAME [group hugg].flac,1
A ref/whole,14 - ad interim.flac,shift3.0,0.99893,0.90688,13 - tracing Rays [reality glo].flac,1
A ref/whole,15 - medal headz [G.B.D.F].flac,shift3.0,0.99772,0.9143,08 - a star is bored.flac,1
A ref/whole,16 - brothers [drop mic].flac,shift3.0,0.99898,0.93767,03 - morning narcomnastics.flac,1
A ref/whole,17 - No fair (42T).flac,shift3.0,0.99915,0.9123,07 - Reptikon 7.flac,1
A ref/whole,01 - Allele.flac,shift5.0,0.9996,0.94628,03 - Tight Dirt II.flac,1
A ref/whole,01 - E.flac,shift5.0,0.99941,0.94485,09 - Ignored Pets.flac,1
A ref/whole,01 - ITSAME [group hugg].flac,shift5.0,0.99912,0.91883,16 - brothers [drop mic].flac,1
A ref/whole,01 - If You Really Love Nothing.flac,shift5.0,0.99904,0.97593,07 - Mountain Child.flac,1
A ref/whole,01 - Intrus.flac,shift5.0,0.99838,0.796,08 - Neptus.flac,1
A ref/whole,02 - Cloud-pine.flac,shift5.0,0.99954,0.88016,03 - Tight Dirt II.flac,1
A ref/whole,02 - Fwd_ Re_ late (Ref._ karoshi).flac,shift5.0,0.99904,0.89874,12 - consent.flac,1
A ref/whole,02 - Hare Tarot Lies.flac,shift5.0,0.99823,0.96857,11 - Uhy Yuoi Yoi.flac,1
A ref/whole,02 - Sun.flac,shift5.0,0.9994,0.91406,07 - Jupiter.flac,1
A ref/whole,02 - The Rover.flac,shift5.0,0.99935,0.98129,04 - Flight of Fancy.flac,1
A ref/whole,03 - Complications.flac,shift5.0,0.99869,0.98271,02 - The Rover.flac,1
A ref/whole,03 - Europa (feat. Ania Iwanek).flac,shift5.0,0.9984,0.88485,02 - Sun.flac,1
A ref/whole,03 - Prodigy.flac,shift5.0,0.99889,0.96862,09 - Ignored Pets.flac,1
A ref/whole,03 - Tight Dirt II.flac,shift5.0,0.9997,0.94526,01 - Allele.flac,1
A ref/whole,03 - morning narcomnastics.flac,shift5.0,0.99857,0.93957,16 - brothers [drop mic].flac,1
A ref/whole,04 - Flight of Fancy.flac,shift5.0,0.99909,0.9802,02 - The Rover.flac,1
A ref/whole,04 - Magical Electronic Crickets.flac,shift5.0,0.99902,0.93368,03 - Tight Dirt II.flac,1
A ref/whole,04 - PROVE UR NOT A ROBOT [SKIP].flac,shift5.0,0.99572,0.82521,01 - ITSAME [group hugg].flac,1
A ref/whole,04 - Slug Night.flac,shift5.0,0.99965,0.96108,06 - Lizard Kids.flac,1
A ref/whole,04 - Ziemia.flac,shift5.0,0.99957,0.90046,06 - re_ laps (roll with iD).flac,1
A ref/whole,05 - (g)Raveyard tools.flac,shift5.0,0.9993,0.9603,08 - a star is bored.flac,1
A ref/whole,05 - Blue Neck Riviera.flac,shift5.0,0.99913,0.95536,07 - Lunar Phobia.flac,1
A ref/whole,05 - Phil K..flac,shift5.0,0.99874,0.83336,02 - Sun.flac,1
A ref/whole,05 - Stay In Touch.flac,shift5.0,0.99959,0.97952,09 - Surveillance.flac,1
A ref/whole,05 - Yambe-Akka III.flac,shift5.0,0.99881,0.9204,06 - Eschaton.flac,1
A ref/whole,06 - Eschaton.flac,shift5.0,0.99944,0.92486,05 - Yambe-Akka III.flac,1
A ref/whole,06 - Interlude 1.flac,shift5.0,0.98759,0.84793,12 - Interlude 2.flac,1
A ref/whole,06 - Lizard Kids.flac,shift5.0,0.99568,0.98231,09 - Ignored Pets.flac,1
A ref/whole,06 - Planet Brasil.flac,shift5.0,0.99976,0.89179,02 - Sun.flac,1
A ref/whole,06 - re_ laps (roll with iD).flac,shift5.0,0.99539,0.90538,06 - Eschaton.flac,1
A ref/whole,07 - Jupiter.flac,shift5.0,0.99836,0.91976,02 - Sun.flac,1
A ref/whole,07 - Lunar Phobia.flac,shift5.0,0.99857,0.95614,05 - Blue Neck Riviera.flac,1
A ref/whole,07 - Mountain Child.flac,shift5.0,0.99886,0.98222,03 - Complications.flac,1
A ref/whole,07 - Reptikon 7.flac,shift5.0,0.99931,0.91386,17 - No fair (42T).flac,1
A ref/whole,08 - NYSMAW.flac,shift5.0,0.9995,0.98024,09 - Surveillance.flac,1
A ref/whole,08 - Neptus.flac,shift5.0,0.99917,0.85797,01 - Allele.flac,1
A ref/whole,08 - Wrack Attack.flac,shift5.0,0.99869,0.96891,03 - Prodigy.flac,1
A ref/whole,08 - a star is bored.flac,shift5.0,0.99879,0.95857,05 - (g)Raveyard tools.flac,1
A ref/whole,09 - Fiasko.flac,shift5.0,0.99605,0.70187,15 - medal headz [G.B.D.F].flac,1
A ref/whole,09 - Ignored Pets.flac,shift5.0,0.99823,0.98264,06 - Lizard Kids.flac,1
A ref/whole,09 - PROVE UR NOT A ROWBOAT [SKIPPER].flac,shift5.0,0.99722,0.70503,04 - PROVE UR NOT A ROBOT [SKIP].flac,1
A ref/whole,09 - Surveillance.flac,shift5.0,0.99917,0.98123,08 - NYSMAW.flac,1
A ref/whole,10 - Number 10.flac,shift5.0,0.9981,0.96265,02 - The Rover.flac,1
A ref/whole,10 - Pleasure.flac,shift5.0,0.99777,0.84963,07 - Lunar Phobia.flac,1
A ref/whole,10 - evening narcomnastics [DON’T_POST!].flac,shift5.0,0.99942,0.93669,08 - a star is bored.flac,1
A ref/whole,11 - F1 Halo.flac,shift5.0,0.99484,0.73571,03 - morning narcomnastics.flac,1
A ref/whole,11 - Party's Over.flac,shift5.0,0.99937,0.97782,02 - The Rover.flac,1
A ref/whole,11 - Uhy Yuoi Yoi.flac,shift5.0,0.99843,0.972,02 - Hare Tarot Lies.flac,1
A ref/whole,12 - Interlude 2.flac,shift5.0,0.98958,0.81121,06 - Interlude 1.flac,1
A ref/whole,12 - consent.flac,shift5.0,0.99876,0.89713,02 - Fwd_ Re_ late (Ref._ karoshi).flac,1
A ref/whole,13 - It Probably Matters.flac,shift5.0,0.99952,0.97761,08 - NYSMAW.flac,1
A ref/whole,13 - tracing Rays [reality glo].flac,shift5.0,0.99747,0.91432,01 - ITSAME [group hugg].flac,1
A ref/whole,14 - ad interim.flac,shift5.0,0.99889,0.90538,13 - tracing Rays [reality glo].flac,1
A ref/whole,15 - medal headz [G.B.D.F].flac,shift5.0,0.99867,0.91934,08 - a star is bored.flac,1
A ref/whole,16 - brothers [drop mic].flac,shift5.0,0.99887,0.93564,03 - morning narcomnastics.flac,1
A ref/whole,17 - No fair (42T).flac,shift5.0,0.99887,0.91355,07 - Reptikon 7.flac,1
A ref/whole,01 - Allele.flac,mp3_320k,0.99983,0.94652,03 - Tight Dirt II.flac,1
A ref/whole,01 - E.flac,mp3_320k,0.99996,0.94675,09 - Ignored Pets.flac,1
A ref/whole,01 - ITSAME [group hugg].flac,mp3_320k,0.99993,0.91532,16 - brothers [drop mic].flac,1
A ref/whole,01 - If You Really Love Nothing.flac,mp3_320k,0.99996,0.97474,05 - Stay In Touch.flac,1
A ref/whole,01 - Intrus.flac,mp3_320k,0.99973,0.80464,02 - Sun.flac,1
A ref/whole,02 - Cloud-pine.flac,mp3_320k,0.99994,0.88383,03 - Tight Dirt II.flac,1
A ref/whole,02 - Fwd_ Re_ late (Ref._ karoshi).flac,mp3_320k,0.99986,0.89801,12 - consent.flac,1
A ref/whole,02 - Hare Tarot Lies.flac,mp3_320k,0.99997,0.97207,11 - Uhy Yuoi Yoi.flac,1
A ref/whole,02 - Sun.flac,mp3_320k,0.99996,0.91356,07 - Jupiter.flac,1
A ref/whole,02 - The Rover.flac,mp3_320k,0.99996,0.98247,04 - Flight of Fancy.flac,1
A ref/whole,03 - Complications.flac,mp3_320k,0.99997,0.98151,02 - The Rover.flac,1
A ref/whole,03 - Europa (feat. Ania Iwanek).flac,mp3_320k,0.99994,0.87844,02 - Sun.flac,1
A ref/whole,03 - Prodigy.flac,mp3_320k,0.99997,0.96858,09 - Ignored Pets.flac,1
A ref/whole,03 - Tight Dirt II.flac,mp3_320k,0.99995,0.94798,01 - Allele.flac,1
A ref/whole,03 - morning narcomnastics.flac,mp3_320k,0.99965,0.93693,16 - brothers [drop mic].flac,1
A ref/whole,04 - Flight of Fancy.flac,mp3_320k,0.99997,0.98227,02 - The Rover.flac,1
A ref/whole,04 - Magical Electronic Crickets.flac,mp3_320k,0.99997,0.93877,03 - Tight Dirt II.flac,1
A ref/whole,04 - PROVE UR NOT A ROBOT [SKIP].flac,mp3_320k,0.99998,0.81787,01 - ITSAME [group hugg].flac,1
A ref/whole,04 - Slug Night.flac,mp3_320k,0.99998,0.96265,06 - Lizard Kids.flac,1
A ref/whole,04 - Ziemia.flac,mp3_320k,0.99998,0.90112,06 - re_ laps (roll with iD).flac,1
A ref/whole,05 - (g)Raveyard tools.flac,mp3_320k,0.99975,0.96065,08 - a star is bored.flac,1
A ref/whole,05 - Blue Neck Riviera.flac,mp3_320k,0.99998,0.95782,07 - Lunar Phobia.flac,1
A ref/whole,05 - Phil K..flac,mp3_320k,0.9999,0.83698,02 - Sun.flac,1
A ref/whole,05 - Stay In Touch.flac,mp3_320k,0.99997,0.97881,09 - Surveillance.flac,1
A ref/whole,05 - Yambe-Akka III.flac,mp3_320k,0.99991,0.92304,06 - Eschaton.flac,1
A ref/whole,06 - Eschaton.flac,mp3_320k,0.99995,0.9227,05 - Yambe-Akka III.flac,1
A ref/whole,06 - Interlude 1.flac,mp3_320k,0.91367,0.84807,12 - Interlude 2.flac,1
A ref/whole,06 - Lizard Kids.flac,mp3_320k,0.99999,0.98264,09 - Ignored Pets.flac,1
A ref/whole,06 - Planet Brasil.flac,mp3_320k,0.99995,0.8899,02 - Sun.flac,1
A ref/whole,06 - re_ laps (roll with iD).flac,mp3_320k,0.99995,0.90033,04 - Ziemia.flac,1
A ref/whole,07 - Jupiter.flac,mp3_320k,0.99991,0.91247,02 - Sun.flac,1
A ref/whole,07 - Lunar Phobia.flac,mp3_320k,0.99998,0.95737,05 - Blue Neck Riviera.flac,1
A ref/whole,07 - Mountain Child.flac,mp3_320k,0.99995,0.98113,03 - Complications.flac,1
A ref/whole,07 - Reptikon 7.flac,mp3_320k,0.99992,0.91241,17 - No fair (42T).flac,1
A ref/whole,08 - NYSMAW.flac,mp3_320k,0.99999,0.98059,09 - Surveillance.flac,1
A ref/whole,08 - Neptus.flac,mp3_320k,0.99995,0.84935,01 - Allele.flac,1
A ref/whole,08 - Wrack Attack.flac,mp3_320k,0.99998,0.96793,03 - Prodigy.flac,1
A ref/whole,08 - a star is bored.flac,mp3_320k,0.99994,0.96252,05 - (g)Raveyard tools.flac,1
A ref/whole,09 - Fiasko.flac,mp3_320k,0.99961,0.68828,15 - medal headz [G.B.D.F].flac,1
A ref/whole,09 - Ignored Pets.flac,mp3_320k,0.99997,0.98233,06 - Lizard Kids.flac,1
A ref/whole,09 - PROVE UR NOT A ROWBOAT [SKIPPER].flac,mp3_320k,0.99999,0.7077,04 - PROVE UR NOT A ROBOT [SKIP].flac,1
A ref/whole,09 - Surveillance.flac,mp3_320k,0.99998,0.98084,08 - NYSMAW.flac,1
A ref/whole,10 - Number 10.flac,mp3_320k,0.99994,0.96121,02 - The Rover.flac,1
A ref/whole,10 - Pleasure.flac,mp3_320k,0.99994,0.85998,07 - Lunar Phobia.flac,1
A ref/whole,10 - evening narcomnastics [DON’T_POST!].flac,mp3_320k,0.99993,0.93559,08 - a star is bored.flac,1
A ref/whole,11 - F1 Halo.flac,mp3_320k,0.99981,0.72203,03 - morning narcomnastics.flac,1
A ref/whole,11 - Party's Over.flac,mp3_320k,0.99998,0.97771,02 - The Rover.flac,1
A ref/whole,11 - Uhy Yuoi Yoi.flac,mp3_320k,0.99997,0.97088,02 - Hare Tarot Lies.flac,1
A ref/whole,12 - Interlude 2.flac,mp3_320k,0.98219,0.77832,06 - Interlude 1.flac,1
A ref/whole,12 - consent.flac,mp3_320k,0.99986,0.89545,02 - Fwd_ Re_ late (Ref._ karoshi).flac,1
A ref/whole,13 - It Probably Matters.flac,mp3_320k,0.99997,0.97768,08 - NYSMAW.flac,1
A ref/whole,13 - tracing Rays [reality glo].flac,mp3_320k,0.99994,0.91292,15 - medal headz [G.B.D.F].flac,1
A ref/whole,14 - ad interim.flac,mp3_320k,0.9999,0.90244,13 - tracing Rays [reality glo].flac,1
A ref/whole,15 - medal headz [G.B.D.F].flac,mp3_320k,0.9999,0.91537,13 - tracing Rays [reality glo].flac,1
A ref/whole,16 - brothers [drop mic].flac,mp3_320k,0.99985,0.93552,03 - morning narcomnastics.flac,1
A ref/whole,17 - No fair (42T).flac,mp3_320k,0.99992,0.91604,07 - Reptikon 7.flac,1
A ref/whole,01 - Allele.flac,mp3_128k,0.92161,0.89797,06 - re_ laps (roll with iD).flac,1
A ref/whole,01 - E.flac,mp3_128k,0.97867,0.91888,09 - Ignored Pets.flac,1
A ref/whole,01 - ITSAME [group hugg].flac,mp3_128k,0.9038,0.86074,06 - re_ laps (roll with iD).flac,1
A ref/whole,01 - If You Really Love Nothing.flac,mp3_128k,0.96593,0.96687,08 - NYSMAW.flac,0
A ref/whole,01 - Intrus.flac,mp3_128k,0.92253,0.76908,01 - E.flac,1
A ref/whole,02 - Cloud-pine.flac,mp3_128k,0.92025,0.81567,02 - Sun.flac,1
A ref/whole,02 - Fwd_ Re_ late (Ref._ karoshi).flac,mp3_128k,0.75018,0.81354,06 - re_ laps (roll with iD).flac,0
A ref/whole,02 - Hare Tarot Lies.flac,mp3_128k,0.98718,0.96754,11 - Uhy Yuoi Yoi.flac,1
A ref/whole,02 - Sun.flac,mp3_128k,0.96178,0.89569,07 - Jupiter.flac,1
A ref/whole,02 - The Rover.flac,mp3_128k,0.98758,0.97274,04 - Flight of Fancy.flac,1
A ref/whole,03 - Complications.flac,mp3_128k,0.97095,0.96138,08 - NYSMAW.flac,1
A ref/whole,03 - Europa (feat. Ania Iwanek).flac,mp3_128k,0.949,0.86623,02 - Sun.flac,1
A ref/whole,03 - Prodigy.flac,mp3_128k,0.98654,0.95479,08 - Wrack Attack.flac,1
A ref/whole,03 - Tight Dirt II.flac,mp3_128k,0.91697,0.8895,06 - re_ laps (roll with iD).flac,1
A ref/whole,03 - morning narcomnastics.flac,mp3_128k,0.92222,0.87989,06 - re_ laps (roll with iD).flac,1
A ref/whole,04 - Flight of Fancy.flac,mp3_128k,0.96901,0.96295,09 - Surveillance.flac,1
A ref/whole,04 - Magical Electronic Crickets.flac,mp3_128k,0.85969,0.82231,06 - re_ laps (roll with iD).flac,1
A ref/whole,04 - PROVE UR NOT A ROBOT [SKIP].flac,mp3_128k,0.98236,0.79679,01 - ITSAME [group hugg].flac,1
A ref/whole,04 - Slug Night.flac,mp3_128k,0.98551,0.95525,04 - Flight of Fancy.flac,1
A ref/whole,04 - Ziemia.flac,mp3_128k,0.96061,0.90024,06 - re_ laps (roll with iD).flac,1
A ref/whole,05 - (g)Raveyard tools.flac,mp3_128k,0.84222,0.86894,06 - re_ laps (roll with iD).flac,0
A ref/whole,05 - Blue Neck Riviera.flac,mp3_128k,0.97603,0.94564,07 - Lunar Phobia.flac,1
A ref/whole,05 - Phil K..flac,mp3_128k,0.93177,0.73502,02 - Sun.flac,1
A ref/whole,05 - Stay In Touch.flac,mp3_128k,0.96914,0.95897,09 - Surveillance.flac,1
A ref/whole,05 - Yambe-Akka III.flac,mp3_128k,0.92575,0.87119,06 - re_ laps (roll with iD).flac,1
A ref/whole,06 - Eschaton.flac,mp3_128k,0.88629,0.88365,06 - re_ laps (roll with iD).flac,1
A ref/whole,06 - Interlude 1.flac,mp3_128k,0.76053,0.77768,12 - Interlude 2.flac,0
A ref/whole,06 - Lizard Kids.flac,mp3_128k,0.98191,0.9707,09 - Ignored Pets.flac,1
A ref/whole,06 - Planet Brasil.flac,mp3_128k,0.90944,0.84873,06 - re_ laps (roll with iD).flac,1
A ref/whole,06 - re_ laps (roll with iD).flac,mp3_128k,0.96904,0.85575,04 - Ziemia.flac,1
A ref/whole,07 - Jupiter.flac,mp3_128k,0.92561,0.83096,02 - Sun.flac,1
A ref/whole,07 - Lunar Phobia.flac,mp3_128k,0.9633,0.91282,05 - Blue Neck Riviera.flac,1
A ref/whole,07 - Mountain Child.flac,mp3_128k,0.96273,0.96208,08 - NYSMAW.flac,1
A ref/whole,07 - Reptikon 7.flac,mp3_128k,0.87787,0.87519,06 - re_ laps (roll with iD).flac,1
A ref/whole,08 - NYSMAW.flac,mp3_128k,0.98167,0.96312,09 - Surveillance.flac,1
A ref/whole,08 - Neptus.flac,mp3_128k,0.90005,0.81475,06 - re_ laps (roll with iD).flac,1
A ref/whole,08 - Wrack Attack.flac,mp3_128k,0.98642,0.95421,03 - Prodigy.flac,1
A ref/whole,08 - a star is bored.flac,mp3_128k,0.84398,0.87176,06 - re_ laps (roll with iD).flac,0
A ref/whole,09 - Fiasko.flac,mp3_128k,0.87768,0.65023,04 - PROVE UR NOT A ROBOT [SKIP].flac,1
A ref/whole,09 - Ignored Pets.flac,mp3_128k,0.98062,0.95887,06 - Lizard Kids.flac,1
A ref/whole,09 - PROVE UR NOT A ROWBOAT [SKIPPER].flac,mp3_128k,0.89692,0.74338,04 - PROVE UR NOT A ROBOT [SKIP].flac,1
A ref/whole,09 - Surveillance.flac,mp3_128k,0.98294,0.96684,08 - NYSMAW.flac,1
A ref/whole,10 - Number 10.flac,mp3_128k,0.93251,0.92022,09 - Surveillance.flac,1
A ref/whole,10 - Pleasure.flac,mp3_128k,0.87854,0.8088,06 - re_ laps (roll with iD).flac,1
A ref/whole,10 - evening narcomnastics [DON’T_POST!].flac,mp3_128k,0.91594,0.85225,06 - re_ laps (roll with iD).flac,1
A ref/whole,11 - F1 Halo.flac,mp3_128k,0.88407,0.73651,01 - ITSAME [group hugg].flac,1
A ref/whole,11 - Party's Over.flac,mp3_128k,0.97094,0.95658,02 - The Rover.flac,1
A ref/whole,11 - Uhy Yuoi Yoi.flac,mp3_128k,0.96313,0.93015,02 - Hare Tarot Lies.flac,1
A ref/whole,12 - Interlude 2.flac,mp3_128k,0.85924,0.62681,06 - Interlude 1.flac,1
A ref/whole,12 - consent.flac,mp3_128k,0.82071,0.83217,06 - re_ laps (roll with iD).flac,0
A ref/whole,13 - It Probably Matters.flac,mp3_128k,0.97867,0.96247,08 - NYSMAW.flac,1
A ref/whole,13 - tracing Rays [reality glo].flac,mp3_128k,0.93494,0.87425,14 - ad interim.flac,1
A ref/whole,14 - ad interim.flac,mp3_128k,0.90259,0.81593,06 - re_ laps (roll with iD).flac,1
A ref/whole,15 - medal headz [G.B.D.F].flac,mp3_128k,0.81873,0.8349,14 - ad interim.flac,0
A ref/whole,16 - brothers [drop mic].flac,mp3_128k,0.81848,0.87349,06 - re_ laps (roll with iD).flac,0
A ref/whole,17 - No fair (42T).flac,mp3_128k,0.89955,0.86814,07 - Reptikon 7.flac,1
B music/frag3,01 - Allele.flac,shift0.5,0.9938,0.85831,10 - evening narcomnastics [DON’T_POST!].flac,1
B music/frag3,01 - E.flac,shift0.5,0.99441,0.87163,06 - Lizard Kids.flac,1
B music/frag3,01 - ITSAME [group hugg].flac,shift0.5,0.98571,0.81744,13 - tracing Rays [reality glo].flac,1
B music/frag3,01 - If You Really Love Nothing.flac,shift0.5,0.99282,0.96135,13 - It Probably Matters.flac,1
B music/frag3,01 - Intrus.flac,shift0.5,0.99188,0.76342,08 - Neptus.flac,1
B music/frag3,02 - Cloud-pine.flac,shift0.5,0.99179,0.83135,03 - Tight Dirt II.flac,1
B music/frag3,02 - Fwd_ Re_ late (Ref._ karoshi).flac,shift0.5,0.99223,0.84337,08 - a star is bored.flac,1
B music/frag3,02 - Hare Tarot Lies.flac,shift0.5,0.99444,0.89861,09 - Ignored Pets.flac,1
B music/frag3,02 - Sun.flac,shift0.5,0.99131,0.76859,07 - Lunar Phobia.flac,1
B music/frag3,02 - The Rover.flac,shift0.5,0.99392,0.93732,03 - Complications.flac,1
B music/frag3,03 - Complications.flac,shift0.5,0.98544,0.92455,07 - Mountain Child.flac,1
B music/frag3,03 - Europa (feat. Ania Iwanek).flac,shift0.5,0.98219,0.71793,01 - Allele.flac,1
B music/frag3,03 - Prodigy.flac,shift0.5,0.9922,0.93228,09 - Ignored Pets.flac,1
B music/frag3,03 - Tight Dirt II.flac,shift0.5,0.9848,0.8456,04 - Magical Electronic Crickets.flac,1
B music/frag3,03 - morning narcomnastics.flac,shift0.5,0.99365,0.83545,13 - tracing Rays [reality glo].flac,1
B music/frag3,04 - Flight of Fancy.flac,shift0.5,0.99077,0.92799,03 - Complications.flac,1
B music/frag3,04 - Magical Electronic Crickets.flac,shift0.5,0.99466,0.84588,03 - Tight Dirt II.flac,1
B music/frag3,04 - PROVE UR NOT A ROBOT [SKIP].flac,shift0.5,0.9876,0.63496,09 - Fiasko.flac,1
B music/frag3,04 - Slug Night.flac,shift0.5,0.99465,0.89453,06 - Lizard Kids.flac,1
B music/frag3,04 - Ziemia.flac,shift0.5,0.9942,0.74417,07 - Reptikon 7.flac,1
B music/frag3,05 - (g)Raveyard tools.flac,shift0.5,0.99425,0.87151,07 - Reptikon 7.flac,1
B music/frag3,05 - Blue Neck Riviera.flac,shift0.5,0.98835,0.869,03 - Prodigy.flac,1
B music/frag3,05 - Phil K..flac,shift0.5,0.99048,0.67635,01 - Intrus.flac,1
B music/frag3,05 - Stay In Touch.flac,shift0.5,0.99364,0.89671,13 - It Probably Matters.flac,1
B music/frag3,05 - Yambe-Akka III.flac,shift0.5,0.99174,0.78516,08 - Neptus.flac,1
B music/frag3,06 - Eschaton.flac,shift0.5,0.98071,0.83433,06 - Planet Brasil.flac,1
B music/frag3,06 - Interlude 1.flac,shift0.5,0.9931,0.85436,12 - Interlude 2.flac,1
B music/frag3,06 - Lizard Kids.flac,shift0.5,0.99133,0.93306,09 - Ignored Pets.flac,1
B music/frag3,06 - Planet Brasil.flac,shift0.5,0.99405,0.80775,06 - Eschaton.flac,1
B music/frag3,06 - re_ laps (roll with iD).flac,shift0.5,0.99025,0.76658,07 - Reptikon 7.flac,1
B music/frag3,07 - Jupiter.flac,shift0.5,0.98685,0.75623,06 - Planet Brasil.flac,1
B music/frag3,07 - Lunar Phobia.flac,shift0.5,0.98548,0.87716,05 - Blue Neck Riviera.flac,1
B music/frag3,07 - Mountain Child.flac,shift0.5,0.99261,0.94469,01 - If You Really Love Nothing.flac,1
B music/frag3,07 - Reptikon 7.flac,shift0.5,0.98785,0.862,05 - (g)Raveyard tools.flac,1
B music/frag3,08 - NYSMAW.flac,shift0.5,0.993,0.934,01 - If You Really Love Nothing.flac,1
B music/frag3,08 - Neptus.flac,shift0.5,0.99481,0.82216,01 - Allele.flac,1
B music/frag3,08 - Wrack Attack.flac,shift0.5,0.99077,0.93601,03 - Prodigy.flac,1
B music/frag3,08 - a star is bored.flac,shift0.5,0.98919,0.83924,05 - (g)Raveyard tools.flac,1
B music/frag3,09 - Fiasko.flac,shift0.5,0.99043,0.68371,04 - PROVE UR NOT A ROBOT [SKIP].flac,1
B music/frag3,09 - Ignored Pets.flac,shift0.5,0.99305,0.94432,03 - Prodigy.flac,1
B music/frag3,09 - PROVE UR NOT A ROWBOAT [SKIPPER].flac,shift0.5,0.99457,0.60822,10 - Pleasure.flac,1
B music/frag3,09 - Surveillance.flac,shift0.5,0.99198,0.94421,13 - It Probably Matters.flac,1
B music/frag3,10 - Number 10.flac,shift0.5,0.9908,0.9288,11 - Party's Over.flac,1
B music/frag3,10 - Pleasure.flac,shift0.5,0.99065,0.7941,07 - Lunar Phobia.flac,1
B music/frag3,10 - evening narcomnastics [DON’T_POST!].flac,shift0.5,0.99109,0.86738,01 - Allele.flac,1
B music/frag3,11 - F1 Halo.flac,shift0.5,0.99178,0.74426,03 - morning narcomnastics.flac,1
B music/frag3,11 - Party's Over.flac,shift0.5,0.99545,0.92509,04 - Flight of Fancy.flac,1
B music/frag3,11 - Uhy Yuoi Yoi.flac,shift0.5,0.99325,0.88698,02 - Hare Tarot Lies.flac,1
B music/frag3,12 - Interlude 2.flac,shift0.5,0.99736,0.86877,06 - Interlude 1.flac,1
B music/frag3,12 - consent.flac,shift0.5,0.98554,0.81262,13 - tracing Rays [reality glo].flac,1
B music/frag3,13 - It Probably Matters.flac,shift0.5,0.98605,0.96129,01 - If You Really Love Nothing.flac,1
B music/frag3,13 - tracing Rays [reality glo].flac,shift0.5,0.99305,0.86155,15 - medal headz [G.B.D.F].flac,1
B music/frag3,14 - ad interim.flac,shift0.5,0.98286,0.85088,15 - medal headz [G.B.D.F].flac,1
B music/frag3,15 - medal headz [G.B.D.F].flac,shift0.5,0.98486,0.86033,07 - Reptikon 7.flac,1
B music/frag3,16 - brothers [drop mic].flac,shift0.5,0.99437,0.84343,05 - (g)Raveyard tools.flac,1
B music/frag3,17 - No fair (42T).flac,shift0.5,0.97947,0.81663,07 - Reptikon 7.flac,1
B music/frag3,01 - Allele.flac,shift1.2,0.99205,0.85651,10 - evening narcomnastics [DON’T_POST!].flac,1
B music/frag3,01 - E.flac,shift1.2,0.99579,0.87221,06 - Lizard Kids.flac,1
B music/frag3,01 - ITSAME [group hugg].flac,shift1.2,0.99205,0.79839,13 - tracing Rays [reality glo].flac,1
B music/frag3,01 - If You Really Love Nothing.flac,shift1.2,0.99252,0.96806,13 - It Probably Matters.flac,1
B music/frag3,01 - Intrus.flac,shift1.2,0.98969,0.74898,08 - Neptus.flac,1
B music/frag3,02 - Cloud-pine.flac,shift1.2,0.99368,0.8405,03 - Tight Dirt II.flac,1
B music/frag3,02 - Fwd_ Re_ late (Ref._ karoshi).flac,shift1.2,0.99527,0.84129,08 - a star is bored.flac,1
B music/frag3,02 - Hare Tarot Lies.flac,shift1.2,0.99113,0.90039,09 - Ignored Pets.flac,1
B music/frag3,02 - Sun.flac,shift1.2,0.99377,0.75607,07 - Lunar Phobia.flac,1
B music/frag3,02 - The Rover.flac,shift1.2,0.99113,0.9444,03 - Complications.flac,1
B music/frag3,03 - Complications.flac,shift1.2,0.9921,0.93619,02 - The Rover.flac,1
B music/frag3,03 - Europa (feat. Ania Iwanek).flac,shift1.2,0.98674,0.73895,01 - Allele.flac,1
B music/frag3,03 - Prodigy.flac,shift1.2,0.99445,0.93678,09 - Ignored Pets.flac,1
B music/frag3,03 - Tight Dirt II.flac,shift1.2,0.98559,0.83311,04 - Magical Electronic Crickets.flac,1
B music/frag3,03 - morning narcomnastics.flac,shift1.2,0.9888,0.83862,10 - evening narcomnastics [DON’T_POST!].flac,1
B music/frag3,04 - Flight of Fancy.flac,shift1.2,0.99602,0.93079,10 - Number 10.flac,1
B music/frag3,04 - Magical Electronic Crickets.flac,shift1.2,0.99227,0.84687,03 - Tight Dirt II.flac,1
B music/frag3,04 - PROVE UR NOT A ROBOT [SKIP].flac,shift1.2,0.98198,0.65156,09 - Fiasko.flac,1
B music/frag3,04 - Slug Night.flac,shift1.2,0.99553,0.89059,06 - Lizard Kids.flac,1
B music/frag3,04 - Ziemia.flac,shift1.2,0.99289,0.74283,02 - Sun.flac,1
B music/frag3,05 - (g)Raveyard tools.flac,shift1.2,0.99444,0.87966,07 - Reptikon 7.flac,1
B music/frag3,05 - Blue Neck Riviera.flac,shift1.2,0.9907,0.8707,03 - Prodigy.flac,1
B music/frag3,05 - Phil K..flac,shift1.2,0.99362,0.69656,01 - Intrus.flac,1
B music/frag3,05 - Stay In Touch.flac,shift1.2,0.99386,0.89359,13 - It Probably Matters.flac,1
B music/frag3,05 - Yambe-Akka III.flac,shift1.2,0.99113,0.79494,06 - Eschaton.flac,1
B music/frag3,06 - Eschaton.flac,shift1.2,0.99114,0.83329,06 - Planet Brasil.flac,1
B music/frag3,06 - Interlude 1.flac,shift1.2,0.99663,0.86257,12 - Interlude 2.flac,1
B music/frag3,06 - Lizard Kids.flac,shift1.2,0.99522,0.94022,09 - Ignored Pets.flac,1
B music/frag3,06 - Planet Brasil.flac,shift1.2,0.9931,0.80814,06 - Eschaton.flac,1
B music/frag3,06 - re_ laps (roll with iD).flac,shift1.2,0.9907,0.7713,07 - Reptikon 7.flac,1
B music/frag3,07 - Jupiter.flac,shift1.2,0.99095,0.7701,06 - Planet Brasil.flac,1
B music/frag3,07 - Lunar Phobia.flac,shift1.2,0.98594,0.9024,06 - Lizard Kids.flac,1
B music/frag3,07 - Mountain Child.flac,shift1.2,0.99527,0.94109,01 - If You Really Love Nothing.flac,1
B music/frag3,07 - Reptikon 7.flac,shift1.2,0.98651,0.864,05 - (g)Raveyard tools.flac,1
B music/frag3,08 - NYSMAW.flac,shift1.2,0.99254,0.93999,01 - If You Really Love Nothing.flac,1
B music/frag3,08 - Neptus.flac,shift1.2,0.99058,0.82162,01 - Allele.flac,1
B music/frag3,08 - Wrack Attack.flac,shift1.2,0.9889,0.9067,03 - Prodigy.flac,1
B music/frag3,08 - a star is bored.flac,shift1.2,0.99414,0.84462,02 - Fwd_ Re_ late (Ref._ karoshi).flac,1
B music/frag3,09 - Fiasko.flac,shift1.2,0.98705,0.68633,03 - morning narcomnastics.flac,1
B music/frag3,09 - Ignored Pets.flac,shift1.2,0.99419,0.95554,06 - Lizard Kids.flac,1
B music/frag3,09 - PROVE UR NOT A ROWBOAT [SKIPPER].flac,shift1.2,0.99617,0.63599,10 - Pleasure.flac,1
B music/frag3,09 - Surveillance.flac,shift1.2,0.99026,0.94243,13 - It Probably Matters.flac,1
B music/frag3,10 - Number 10.flac,shift1.2,0.98845,0.92382,04 - Flight of Fancy.flac,1
B music/frag3,10 - Pleasure.flac,shift1.2,0.99013,0.78667,07 - Lunar Phobia.flac,1
B music/frag3,10 - evening narcomnastics [DON’T_POST!].flac,shift1.2,0.98602,0.86949,01 - Allele.flac,1
B music/frag3,11 - F1 Halo.flac,shift1.2,0.98966,0.73501,03 - morning narcomnastics.flac,1
B music/frag3,11 - Party's Over.flac,shift1.2,0.99534,0.92326,10 - Number 10.flac,1
B music/frag3,11 - Uhy Yuoi Yoi.flac,shift1.2,0.99641,0.88878,02 - Hare Tarot Lies.flac,1
B music/frag3,12 - Interlude 2.flac,shift1.2,0.99716,0.8683,06 - Interlude 1.flac,1
B music/frag3,12 - consent.flac,shift1.2,0.98331,0.81719,13 - tracing Rays [reality glo].flac,1
B music/frag3,13 - It Probably Matters.flac,shift1.2,0.98806,0.96581,01 - If You Really Love Nothing.flac,1
B music/frag3,13 - tracing Rays [reality glo].flac,shift1.2,0.99289,0.8511,15 - medal headz [G.B.D.F].flac,1
B music/frag3,14 - ad interim.flac,shift1.2,0.98493,0.84359,15 - medal headz [G.B.D.F].flac,1
B music/frag3,15 - medal headz [G.B.D.F].flac,shift1.2,0.98543,0.85642,14 - ad interim.flac,1
B music/frag3,16 - brothers [drop mic].flac,shift1.2,0.99159,0.83495,05 - (g)Raveyard tools.flac,1
B music/frag3,17 - No fair (42T).flac,shift1.2,0.98662,0.81124,07 - Reptikon 7.flac,1
B music/frag3,01 - Allele.flac,shift3.0,0.98725,0.85015,10 - evening narcomnastics [DON’T_POST!].flac,1
B music/frag3,01 - E.flac,shift3.0,0.9935,0.87631,06 - Lizard Kids.flac,1
B music/frag3,01 - ITSAME [group hugg].flac,shift3.0,0.98039,0.81618,13 - tracing Rays [reality glo].flac,1
B music/frag3,01 - If You Really Love Nothing.flac,shift3.0,0.99316,0.97435,13 - It Probably Matters.flac,1
B music/frag3,01 - Intrus.flac,shift3.0,0.99084,0.75559,08 - Neptus.flac,1
B music/frag3,02 - Cloud-pine.flac,shift3.0,0.99439,0.82817,03 - Tight Dirt II.flac,1
B music/frag3,02 - Fwd_ Re_ late (Ref._ karoshi).flac,shift3.0,0.9898,0.85118,08 - a star is bored.flac,1
B music/frag3,02 - Hare Tarot Lies.flac,shift3.0,0.99347,0.89442,09 - Ignored Pets.flac,1
B music/frag3,02 - Sun.flac,shift3.0,0.99069,0.76147,07 - Lunar Phobia.flac,1
B music/frag3,02 - The Rover.flac,shift3.0,0.98483,0.9469,03 - Complications.flac,1
B music/frag3,03 - Complications.flac,shift3.0,0.98545,0.9347,07 - Mountain Child.flac,1
B music/frag3,03 - Europa (feat. Ania Iwanek).flac,shift3.0,0.95483,0.71516,06 - re_ laps (roll with iD).flac,1
B music/frag3,03 - Prodigy.flac,shift3.0,0.99324,0.93232,09 - Ignored Pets.flac,1
B music/frag3,03 - Tight Dirt II.flac,shift3.0,0.97851,0.84411,04 - Magical Electronic Crickets.flac,1
B music/frag3,03 - morning narcomnastics.flac,shift3.0,0.98657,0.84525,10 - evening narcomnastics [DON’T_POST!].flac,1
B music/frag3,04 - Flight of Fancy.flac,shift3.0,0.99183,0.93874,10 - Number 10.flac,1
B music/frag3,04 - Magical Electronic Crickets.flac,shift3.0,0.99123,0.86476,03 - Tight Dirt II.flac,1
B music/frag3,04 - PROVE UR NOT A ROBOT [SKIP].flac,shift3.0,0.98602,0.63886,09 - Fiasko.flac,1
B music/frag3,04 - Slug Night.flac,shift3.0,0.99165,0.8751,06 - Lizard Kids.flac,1
B music/frag3,04 - Ziemia.flac,shift3.0,0.98565,0.74444,07 - Reptikon 7.flac,1
B music/frag3,05 - (g)Raveyard tools.flac,shift3.0,0.98926,0.86434,16 - brothers [drop mic].flac,1
B music/frag3,05 - Blue Neck Riviera.flac,shift3.0,0.98598,0.88857,08 - Wrack Attack.flac,1
B music/frag3,05 - Phil K..flac,shift3.0,0.98525,0.6836,01 - Intrus.flac,1
B music/frag3,05 - Stay In Touch.flac,shift3.0,0.99119,0.90523,13 - It Probably Matters.flac,1
B music/frag3,05 - Yambe-Akka III.flac,shift3.0,0.98865,0.79172,06 - Eschaton.flac,1
B music/frag3,06 - Eschaton.flac,shift3.0,0.98579,0.8234,06 - Planet Brasil.flac,1
B music/frag3,06 - Interlude 1.flac,shift3.0,0.99407,0.86775,12 - Interlude 2.flac,1
B music/frag3,06 - Lizard Kids.flac,shift3.0,0.99124,0.93978,09 - Ignored Pets.flac,1
B music/frag3,06 - Planet Brasil.flac,shift3.0,0.99102,0.80879,06 - Eschaton.flac,1
B music/frag3,06 - re_ laps (roll with iD).flac,shift3.0,0.98887,0.779,07 - Reptikon 7.flac,1
B music/frag3,07 - Jupiter.flac,shift3.0,0.98613,0.74508,06 - Planet Brasil.flac,1
B music/frag3,07 - Lunar Phobia.flac,shift3.0,0.98288,0.89463,06 - Lizard Kids.flac,1
B music/frag3,07 - Mountain Child.flac,shift3.0,0.99062,0.94443,01 - If You Really Love Nothing.flac,1
B music/frag3,07 - Reptikon 7.flac,shift3.0,0.98412,0.86294,05 - (g)Raveyard tools.flac,1
B music/frag3,08 - NYSMAW.flac,shift3.0,0.99065,0.93738,01 - If You Really Love Nothing.flac,1
B music/frag3,08 - Neptus.flac,shift3.0,0.98766,0.82574,01 - Allele.flac,1
B music/frag3,08 - Wrack Attack.flac,shift3.0,0.98445,0.93123,03 - Prodigy.flac,1
B music/frag3,08 - a star is bored.flac,shift3.0,0.9891,0.83595,05 - (g)Raveyard tools.flac,1
B music/frag3,09 - Fiasko.flac,shift3.0,0.98631,0.69189,04 - PROVE UR NOT A ROBOT [SKIP].flac,1
B music/frag3,09 - Ignored Pets.flac,shift3.0,0.98793,0.95423,06 - Lizard Kids.flac,1
B music/frag3,09 - PROVE UR NOT A ROWBOAT [SKIPPER].flac,shift3.0,0.98833,0.61288,10 - Pleasure.flac,1
B music/frag3,09 - Surveillance.flac,shift3.0,0.99086,0.93453,13 - It Probably Matters.flac,1
B music/frag3,10 - Number 10.flac,shift3.0,0.98279,0.91681,04 - Flight of Fancy.flac,1
B music/frag3,10 - Pleasure.flac,shift3.0,0.98659,0.78148,07 - Lunar Phobia.flac,1
B music/frag3,10 - evening narcomnastics [DON’T_POST!].flac,shift3.0,0.98746,0.87103,01 - Allele.flac,1
B music/frag3,11 - F1 Halo.flac,shift3.0,0.98874,0.74532,03 - morning narcomnastics.flac,1
B music/frag3,11 - Party's Over.flac,shift3.0,0.99134,0.93244,04 - Flight of Fancy.flac,1
B music/frag3,11 - Uhy Yuoi Yoi.flac,shift3.0,0.99442,0.89841,02 - Hare Tarot Lies.flac,1
B music/frag3,12 - Interlude 2.flac,shift3.0,0.99599,0.86133,06 - Interlude 1.flac,1
B music/frag3,12 - consent.flac,shift3.0,0.97666,0.81788,10 - evening narcomnastics [DON’T_POST!].flac,1
B music/frag3,13 - It Probably Matters.flac,shift3.0,0.98868,0.96711,01 - If You Really Love Nothing.flac,1
B music/frag3,13 - tracing Rays [reality glo].flac,shift3.0,0.98936,0.8557,01 - Allele.flac,1
B music/frag3,14 - ad interim.flac,shift3.0,0.98689,0.8558,15 - medal headz [G.B.D.F].flac,1
B music/frag3,15 - medal headz [G.B.D.F].flac,shift3.0,0.98606,0.86498,07 - Reptikon 7.flac,1
B music/frag3,16 - brothers [drop mic].flac,shift3.0,0.99149,0.85317,05 - (g)Raveyard tools.flac,1
B music/frag3,17 - No fair (42T).flac,shift3.0,0.97822,0.81769,07 - Reptikon 7.flac,1
B music/frag3,01 - Allele.flac,shift5.0,0.98468,0.8367,04 - Magical Electronic Crickets.flac,1
B music/frag3,01 - E.flac,shift5.0,0.99163,0.87476,06 - Lizard Kids.flac,1
B music/frag3,01 - ITSAME [group hugg].flac,shift5.0,0.97732,0.83423,13 - tracing Rays [reality glo].flac,1
B music/frag3,01 - If You Really Love Nothing.flac,shift5.0,0.9911,0.9716,13 - It Probably Matters.flac,1
B music/frag3,01 - Intrus.flac,shift5.0,0.9877,0.75567,08 - Neptus.flac,1
B music/frag3,02 - Cloud-pine.flac,shift5.0,0.99464,0.82048,03 - Tight Dirt II.flac,1
B music/frag3,02 - Fwd_ Re_ late (Ref._ karoshi).flac,shift5.0,0.9903,0.84956,08 - a star is bored.flac,1
B music/frag3,02 - Hare Tarot Lies.flac,shift5.0,0.99162,0.90676,09 - Ignored Pets.flac,1
B music/frag3,02 - Sun.flac,shift5.0,0.99167,0.76049,07 - Lunar Phobia.flac,1
B music/frag3,02 - The Rover.flac,shift5.0,0.9919,0.93836,04 - Flight of Fancy.flac,1
B music/frag3,03 - Complications.flac,shift5.0,0.98979,0.93905,07 - Mountain Child.flac,1
B music/frag3,03 - Europa (feat. Ania Iwanek).flac,shift5.0,0.9631,0.70419,06 - re_ laps (roll with iD).flac,1
B music/frag3,03 - Prodigy.flac,shift5.0,0.99311,0.93527,09 - Ignored Pets.flac,1
B music/frag3,03 - Tight Dirt II.flac,shift5.0,0.98629,0.86945,04 - Magical Electronic Crickets.flac,1
B music/frag3,03 - morning narcomnastics.flac,shift5.0,0.97284,0.83576,13 - tracing Rays [reality glo].flac,1
B music/frag3,04 - Flight of Fancy.flac,shift5.0,0.99266,0.94048,10 - Number 10.flac,1
B music/frag3,04 - Magical Electronic Crickets.flac,shift5.0,0.99249,0.84722,03 - Tight Dirt II.flac,1
B music/frag3,04 - PROVE UR NOT A ROBOT [SKIP].flac,shift5.0,0.98391,0.64939,09 - Fiasko.flac,1
B music/frag3,04 - Slug Night.flac,shift5.0,0.99287,0.87655,06 - Lizard Kids.flac,1
B music/frag3,04 - Ziemia.flac,shift5.0,0.9805,0.7563,07 - Reptikon 7.flac,1
B music/frag3,05 - (g)Raveyard tools.flac,shift5.0,0.9843,0.86277,07 - Reptikon 7.flac,1
B music/frag3,05 - Blue Neck Riviera.flac,shift5.0,0.98684,0.88439,08 - Wrack Attack.flac,1
B music/frag3,05 - Phil K..flac,shift5.0,0.97975,0.75049,01 - Intrus.flac,1
B music/frag3,05 - Stay In Touch.flac,shift5.0,0.99449,0.90885,13 - It Probably Matters.flac,1
B music/frag3,05 - Yambe-Akka III.flac,shift5.0,0.99105,0.79062,06 - Eschaton.flac,1
B music/frag3,06 - Eschaton.flac,shift5.0,0.98765,0.82821,06 - Planet Brasil.flac,1
B music/frag3,06 - Interlude 1.flac,shift5.0,0.99389,0.86452,12 - Interlude 2.flac,1
B music/frag3,06 - Lizard Kids.flac,shift5.0,0.9917,0.93967,09 - Ignored Pets.flac,1
B music/frag3,06 - Planet Brasil.flac,shift5.0,0.99422,0.80827,06 - Eschaton.flac,1
B music/frag3,06 - re_ laps (roll with iD).flac,shift5.0,0.98846,0.79432,07 - Reptikon 7.flac,1
B music/frag3,07 - Jupiter.flac,shift5.0,0.99134,0.77736,06 - Planet Brasil.flac,1
B music/frag3,07 - Lunar Phobia.flac,shift5.0,0.98433,0.89697,06 - Lizard Kids.flac,1
B music/frag3,07 - Mountain Child.flac,shift5.0,0.98911,0.94303,01 - If You Really Love Nothing.flac,1
B music/frag3,07 - Reptikon 7.flac,shift5.0,0.98447,0.87884,05 - (g)Raveyard tools.flac,1
B music/frag3,08 - NYSMAW.flac,shift5.0,0.99325,0.93374,01 - If You Really Love Nothing.flac,1
B music/frag3,08 - Neptus.flac,shift5.0,0.98921,0.81619,01 - Allele.flac,1
B music/frag3,08 - Wrack Attack.flac,shift5.0,0.9902,0.92979,03 - Prodigy.flac,1
B music/frag3,08 - a star is bored.flac,shift5.0,0.9881,0.83272,02 - Fwd_ Re_ late (Ref._ karoshi).flac,1
B music/frag3,09 - Fiasko.flac,shift5.0,0.98861,0.6821,03 - morning narcomnastics.flac,1
B music/frag3,09 - Ignored Pets.flac,shift5.0,0.99022,0.9603,06 - Lizard Kids.flac,1
B music/frag3,09 - PROVE UR NOT A ROWBOAT [SKIPPER].flac,shift5.0,0.99171,0.64629,10 - Pleasure.flac,1
B music/frag3,09 - Surveillance.flac,shift5.0,0.99397,0.93832,13 - It Probably Matters.flac,1
B music/frag3,10 - Number 10.flac,shift5.0,0.9902,0.92255,04 - Flight of Fancy.flac,1
B music/frag3,10 - Pleasure.flac,shift5.0,0.98245,0.77661,05 - (g)Raveyard tools.flac,1
B music/frag3,10 - evening narcomnastics [DON’T_POST!].flac,shift5.0,0.98245,0.84791,01 - Allele.flac,1
B music/frag3,11 - F1 Halo.flac,shift5.0,0.99256,0.74375,03 - morning narcomnastics.flac,1
B music/frag3,11 - Party's Over.flac,shift5.0,0.9932,0.92763,10 - Number 10.flac,1
B music/frag3,11 - Uhy Yuoi Yoi.flac,shift5.0,0.99413,0.90259,02 - Hare Tarot Lies.flac,1
B music/frag3,12 - Interlude 2.flac,shift5.0,0.99533,0.86803,06 - Interlude 1.flac,1
B music/frag3,12 - consent.flac,shift5.0,0.97703,0.81543,13 - tracing Rays [reality glo].flac,1
B music/frag3,13 - It Probably Matters.flac,shift5.0,0.9937,0.97387,01 - If You Really Love Nothing.flac,1
B music/frag3,13 - tracing Rays [reality glo].flac,shift5.0,0.98687,0.86261,15 - medal headz [G.B.D.F].flac,1
B music/frag3,14 - ad interim.flac,shift5.0,0.98889,0.83508,15 - medal headz [G.B.D.F].flac,1
B music/frag3,15 - medal headz [G.B.D.F].flac,shift5.0,0.98712,0.86491,07 - Reptikon 7.flac,1
B music/frag3,16 - brothers [drop mic].flac,shift5.0,0.99038,0.85369,10 - evening narcomnastics [DON’T_POST!].flac,1
B music/frag3,17 - No fair (42T).flac,shift5.0,0.98404,0.81762,07 - Reptikon 7.flac,1
B music/frag3,01 - Allele.flac,mp3_320k,0.99992,0.86039,10 - evening narcomnastics [DON’T_POST!].flac,1
B music/frag3,01 - E.flac,mp3_320k,0.99981,0.87003,06 - Lizard Kids.flac,1
B music/frag3,01 - ITSAME [group hugg].flac,mp3_320k,0.99966,0.78885,13 - tracing Rays [reality glo].flac,1
B music/frag3,01 - If You Really Love Nothing.flac,mp3_320k,0.99959,0.96922,13 - It Probably Matters.flac,1
B music/frag3,01 - Intrus.flac,mp3_320k,0.99945,0.7677,08 - Neptus.flac,1
B music/frag3,02 - Cloud-pine.flac,mp3_320k,0.99977,0.81635,03 - Tight Dirt II.flac,1
B music/frag3,02 - Fwd_ Re_ late (Ref._ karoshi).flac,mp3_320k,0.9995,0.83979,08 - a star is bored.flac,1
B music/frag3,02 - Hare Tarot Lies.flac,mp3_320k,0.99974,0.90106,09 - Ignored Pets.flac,1
B music/frag3,02 - Sun.flac,mp3_320k,0.99986,0.76724,07 - Lunar Phobia.flac,1
B music/frag3,02 - The Rover.flac,mp3_320k,0.9997,0.92935,04 - Flight of Fancy.flac,1
B music/frag3,03 - Complications.flac,mp3_320k,0.99966,0.93692,07 - Mountain Child.flac,1
B music/frag3,03 - Europa (feat. Ania Iwanek).flac,mp3_320k,0.99985,0.72105,01 - Allele.flac,1
B music/frag3,03 - Prodigy.flac,mp3_320k,0.99977,0.947,09 - Ignored Pets.flac,1
B music/frag3,03 - Tight Dirt II.flac,mp3_320k,0.99975,0.83372,04 - Magical Electronic Crickets.flac,1
B music/frag3,03 - morning narcomnastics.flac,mp3_320k,0.99968,0.83673,13 - tracing Rays [reality glo].flac,1
B music/frag3,04 - Flight of Fancy.flac,mp3_320k,0.99947,0.93355,10 - Number 10.flac,1
B music/frag3,04 - Magical Electronic Crickets.flac,mp3_320k,0.99988,0.83552,03 - Tight Dirt II.flac,1
B music/frag3,04 - PROVE UR NOT A ROBOT [SKIP].flac,mp3_320k,0.99964,0.64666,09 - Fiasko.flac,1
B music/frag3,04 - Slug Night.flac,mp3_320k,0.9999,0.88686,06 - Lizard Kids.flac,1
B music/frag3,04 - Ziemia.flac,mp3_320k,0.99975,0.73077,02 - Fwd_ Re_ late (Ref._ karoshi).flac,1
B music/frag3,05 - (g)Raveyard tools.flac,mp3_320k,0.99976,0.86987,07 - Reptikon 7.flac,1
B music/frag3,05 - Blue Neck Riviera.flac,mp3_320k,0.9999,0.87849,03 - Prodigy.flac,1
B music/frag3,05 - Phil K..flac,mp3_320k,0.9995,0.68926,01 - Intrus.flac,1
B music/frag3,05 - Stay In Touch.flac,mp3_320k,0.99947,0.90212,13 - It Probably Matters.flac,1
B music/frag3,05 - Yambe-Akka III.flac,mp3_320k,0.9998,0.76355,06 - Eschaton.flac,1
B music/frag3,06 - Eschaton.flac,mp3_320k,0.99981,0.82454,06 - Planet Brasil.flac,1
B music/frag3,06 - Interlude 1.flac,mp3_320k,0.98639,0.84327,12 - Interlude 2.flac,1
B music/frag3,06 - Lizard Kids.flac,mp3_320k,0.99977,0.94348,09 - Ignored Pets.flac,1
B music/frag3,06 - Planet Brasil.flac,mp3_320k,0.9989,0.8229,06 - Eschaton.flac,1
B music/frag3,06 - re_ laps (roll with iD).flac,mp3_320k,0.9998,0.76688,07 - Reptikon 7.flac,1
B music/frag3,07 - Jupiter.flac,mp3_320k,0.99976,0.76741,06 - Planet Brasil.flac,1
B music/frag3,07 - Lunar Phobia.flac,mp3_320k,0.9997,0.87128,06 - Lizard Kids.flac,1
B music/frag3,07 - Mountain Child.flac,mp3_320k,0.99984,0.9439,01 - If You Really Love Nothing.flac,1
B music/frag3,07 - Reptikon 7.flac,mp3_320k,0.99945,0.86538,05 - (g)Raveyard tools.flac,1
B music/frag3,08 - NYSMAW.flac,mp3_320k,0.99988,0.93245,01 - If You Really Love Nothing.flac,1
B music/frag3,08 - Neptus.flac,mp3_320k,0.99965,0.81875,01 - Allele.flac,1
B music/frag3,08 - Wrack Attack.flac,mp3_320k,0.9999,0.92864,03 - Prodigy.flac,1
B music/frag3,08 - a star is bored.flac,mp3_320k,0.99886,0.83936,02 - Fwd_ Re_ late (Ref._ karoshi).flac,1
B music/frag3,09 - Fiasko.flac,mp3_320k,0.99946,0.65402,03 - morning narcomnastics.flac,1
B music/frag3,09 - Ignored Pets.flac,mp3_320k,0.99992,0.94687,03 - Prodigy.flac,1
B music/frag3,09 - PROVE UR NOT A ROWBOAT [SKIPPER].flac,mp3_320k,0.99963,0.62477,10 - Pleasure.flac,1
B music/frag3,09 - Surveillance.flac,mp3_320k,0.99987,0.93367,13 - It Probably Matters.flac,1
B music/frag3,10 - Number 10.flac,mp3_320k,0.99965,0.92381,11 - Party's Over.flac,1
B music/frag3,10 - Pleasure.flac,mp3_320k,0.99951,0.78583,07 - Lunar Phobia.flac,1
B music/frag3,10 - evening narcomnastics [DON’T_POST!].flac,mp3_320k,0.99967,0.86045,01 - Allele.flac,1
B music/frag3,11 - F1 Halo.flac,mp3_320k,0.99975,0.74662,03 - morning narcomnastics.flac,1
B music/frag3,11 - Party's Over.flac,mp3_320k,0.99988,0.92784,10 - Number 10.flac,1
B music/frag3,11 - Uhy Yuoi Yoi.flac,mp3_320k,0.99977,0.89395,02 - Hare Tarot Lies.flac,1
B music/frag3,12 - Interlude 2.flac,mp3_320k,0.99705,0.86807,06 - Interlude 1.flac,1
B music/frag3,12 - consent.flac,mp3_320k,0.99847,0.81454,13 - tracing Rays [reality glo].flac,1
B music/frag3,13 - It Probably Matters.flac,mp3_320k,0.99979,0.96758,01 - If You Really Love Nothing.flac,1
B music/frag3,13 - tracing Rays [reality glo].flac,mp3_320k,0.99976,0.85876,15 - medal headz [G.B.D.F].flac,1
B music/frag3,14 - ad interim.flac,mp3_320k,0.99983,0.85498,15 - medal headz [G.B.D.F].flac,1
B music/frag3,15 - medal headz [G.B.D.F].flac,mp3_320k,0.99908,0.8576,07 - Reptikon 7.flac,1
B music/frag3,16 - brothers [drop mic].flac,mp3_320k,0.99726,0.85952,05 - (g)Raveyard tools.flac,1
B music/frag3,17 - No fair (42T).flac,mp3_320k,0.99963,0.83375,07 - Reptikon 7.flac,1
B music/frag3,01 - Allele.flac,mp3_128k,0.67523,0.68994,08 - Neptus.flac,0
B music/frag3,01 - E.flac,mp3_128k,0.94457,0.77061,07 - Lunar Phobia.flac,1
B music/frag3,01 - ITSAME [group hugg].flac,mp3_128k,0.85366,0.62584,06 - Planet Brasil.flac,1
B music/frag3,01 - If You Really Love Nothing.flac,mp3_128k,0.77872,0.79254,10 - Number 10.flac,0
B music/frag3,01 - Intrus.flac,mp3_128k,0.91033,0.66615,08 - Neptus.flac,1
B music/frag3,02 - Cloud-pine.flac,mp3_128k,0.77733,0.64579,06 - Eschaton.flac,1
B music/frag3,02 - Fwd_ Re_ late (Ref._ karoshi).flac,mp3_128k,0.6733,0.60815,06 - re_ laps (roll with iD).flac,1
B music/frag3,02 - Hare Tarot Lies.flac,mp3_128k,0.88813,0.80551,11 - Uhy Yuoi Yoi.flac,1
B music/frag3,02 - Sun.flac,mp3_128k,0.86613,0.76264,07 - Jupiter.flac,1
B music/frag3,02 - The Rover.flac,mp3_128k,0.88992,0.87294,10 - Number 10.flac,1
B music/frag3,03 - Complications.flac,mp3_128k,0.79148,0.74816,10 - Number 10.flac,1
B music/frag3,03 - Europa (feat. Ania Iwanek).flac,mp3_128k,0.84647,0.72202,06 - re_ laps (roll with iD).flac,1
B music/frag3,03 - Prodigy.flac,mp3_128k,0.92587,0.88837,08 - Wrack Attack.flac,1
B music/frag3,03 - Tight Dirt II.flac,mp3_128k,0.77522,0.65032,02 - Cloud-pine.flac,1
B music/frag3,03 - morning narcomnastics.flac,mp3_128k,0.72926,0.68309,08 - Neptus.flac,1
B music/frag3,04 - Flight of Fancy.flac,mp3_128k,0.86332,0.8663,10 - Number 10.flac,0
B music/frag3,04 - Magical Electronic Crickets.flac,mp3_128k,0.736,0.66072,06 - Eschaton.flac,1
B music/frag3,04 - PROVE UR NOT A ROBOT [SKIP].flac,mp3_128k,0.94875,0.60926,09 - Fiasko.flac,1
B music/frag3,04 - Slug Night.flac,mp3_128k,0.81428,0.75746,01 - E.flac,1
B music/frag3,04 - Ziemia.flac,mp3_128k,0.74172,0.61791,06 - re_ laps (roll with iD).flac,1
B music/frag3,05 - (g)Raveyard tools.flac,mp3_128k,0.68061,0.68779,06 - re_ laps (roll with iD).flac,0
B music/frag3,05 - Blue Neck Riviera.flac,mp3_128k,0.88155,0.78326,08 - Wrack Attack.flac,1
B music/frag3,05 - Phil K..flac,mp3_128k,0.8008,0.62069,01 - Intrus.flac,1
B music/frag3,05 - Stay In Touch.flac,mp3_128k,0.79604,0.75439,10 - Number 10.flac,1
B music/frag3,05 - Yambe-Akka III.flac,mp3_128k,0.84959,0.65001,06 - Eschaton.flac,1
B music/frag3,06 - Eschaton.flac,mp3_128k,0.82278,0.68591,06 - Planet Brasil.flac,1
B music/frag3,06 - Interlude 1.flac,mp3_128k,0.80255,0.62433,12 - Interlude 2.flac,1
B music/frag3,06 - Lizard Kids.flac,mp3_128k,0.87949,0.84814,03 - Prodigy.flac,1
B music/frag3,06 - Planet Brasil.flac,mp3_128k,0.82797,0.71395,06 - Eschaton.flac,1
B music/frag3,06 - re_ laps (roll with iD).flac,mp3_128k,0.9014,0.66436,08 - Neptus.flac,1
B music/frag3,07 - Jupiter.flac,mp3_128k,0.90769,0.69333,06 - Planet Brasil.flac,1
B music/frag3,07 - Lunar Phobia.flac,mp3_128k,0.80601,0.75214,08 - Wrack Attack.flac,1
B music/frag3,07 - Mountain Child.flac,mp3_128k,0.79984,0.79071,10 - Number 10.flac,1
B music/frag3,07 - Reptikon 7.flac,mp3_128k,0.76973,0.71374,06 - re_ laps (roll with iD).flac,1
B music/frag3,08 - NYSMAW.flac,mp3_128k,0.85876,0.81381,10 - Number 10.flac,1
B music/frag3,08 - Neptus.flac,mp3_128k,0.83618,0.71843,01 - Intrus.flac,1
B music/frag3,08 - Wrack Attack.flac,mp3_128k,0.87581,0.77826,03 - Prodigy.flac,1
B music/frag3,08 - a star is bored.flac,mp3_128k,0.64353,0.6221,01 - ITSAME [group hugg].flac,1
B music/frag3,09 - Fiasko.flac,mp3_128k,0.8645,0.63783,04 - PROVE UR NOT A ROBOT [SKIP].flac,1
B music/frag3,09 - Ignored Pets.flac,mp3_128k,0.88556,0.86894,08 - Wrack Attack.flac,1
B music/frag3,09 - PROVE UR NOT A ROWBOAT [SKIPPER].flac,mp3_128k,0.70838,0.62476,04 - PROVE UR NOT A ROBOT [SKIP].flac,1
B music/frag3,09 - Surveillance.flac,mp3_128k,0.8911,0.84927,10 - Number 10.flac,1
B music/frag3,10 - Number 10.flac,mp3_128k,0.84158,0.75354,11 - Party's Over.flac,1
B music/frag3,10 - Pleasure.flac,mp3_128k,0.74541,0.66816,06 - re_ laps (roll with iD).flac,1
B music/frag3,10 - evening narcomnastics [DON’T_POST!].flac,mp3_128k,0.74147,0.71925,08 - Neptus.flac,1
B music/frag3,11 - F1 Halo.flac,mp3_128k,0.7391,0.56289,03 - morning narcomnastics.flac,1
B music/frag3,11 - Party's Over.flac,mp3_128k,0.84988,0.82213,10 - Number 10.flac,1
B music/frag3,11 - Uhy Yuoi Yoi.flac,mp3_128k,0.83379,0.75569,02 - Hare Tarot Lies.flac,1
B music/frag3,12 - Interlude 2.flac,mp3_128k,0.78066,0.7714,06 - Interlude 1.flac,1
B music/frag3,12 - consent.flac,mp3_128k,0.62936,0.64461,06 - re_ laps (roll with iD).flac,0
B music/frag3,13 - It Probably Matters.flac,mp3_128k,0.78056,0.77054,10 - Number 10.flac,1
B music/frag3,13 - tracing Rays [reality glo].flac,mp3_128k,0.81875,0.78498,01 - ITSAME [group hugg].flac,1
B music/frag3,14 - ad interim.flac,mp3_128k,0.8535,0.72332,07 - Reptikon 7.flac,1
B music/frag3,15 - medal headz [G.B.D.F].flac,mp3_128k,0.65536,0.6708,07 - Reptikon 7.flac,0
B music/frag3,16 - brothers [drop mic].flac,mp3_128k,0.63485,0.70125,06 - re_ laps (roll with iD).flac,0
B music/frag3,17 - No fair (42T).flac,mp3_128k,0.7771,0.68,07 - Reptikon 7.flac,1
C music/whole,01 - Allele.flac,shift0.5,0.99918,0.88714,02 - Fwd_ Re_ late (Ref._ karoshi).flac,1
C music/whole,01 - E.flac,shift0.5,0.99899,0.89994,06 - Lizard Kids.flac,1
C music/whole,01 - ITSAME [group hugg].flac,shift0.5,0.99866,0.87443,13 - tracing Rays [reality glo].flac,1
C music/whole,01 - If You Really Love Nothing.flac,shift0.5,0.99917,0.95923,13 - It Probably Matters.flac,1
C music/whole,01 - Intrus.flac,shift0.5,0.99913,0.83129,08 - Neptus.flac,1
C music/whole,02 - Cloud-pine.flac,shift0.5,0.99916,0.84268,01 - Allele.flac,1
C music/whole,02 - Fwd_ Re_ late (Ref._ karoshi).flac,shift0.5,0.9991,0.88475,08 - a star is bored.flac,1
C music/whole,02 - Hare Tarot Lies.flac,shift0.5,0.99898,0.93812,11 - Uhy Yuoi Yoi.flac,1
C music/whole,02 - Sun.flac,shift0.5,0.99882,0.83696,04 - Ziemia.flac,1
C music/whole,02 - The Rover.flac,shift0.5,0.99874,0.95796,04 - Flight of Fancy.flac,1
C music/whole,03 - Complications.flac,shift0.5,0.99821,0.94284,02 - The Rover.flac,1
C music/whole,03 - Europa (feat. Ania Iwanek).flac,shift0.5,0.99781,0.80017,01 - Allele.flac,1
C music/whole,03 - Prodigy.flac,shift0.5,0.99816,0.94299,08 - Wrack Attack.flac,1
C music/whole,03 - Tight Dirt II.flac,shift0.5,0.99948,0.86493,04 - Magical Electronic Crickets.flac,1
C music/whole,03 - morning narcomnastics.flac,shift0.5,0.99795,0.86222,16 - brothers [drop mic].flac,1
C music/whole,04 - Flight of Fancy.flac,shift0.5,0.99869,0.95752,02 - The Rover.flac,1
C music/whole,04 - Magical Electronic Crickets.flac,shift0.5,0.99908,0.86251,01 - Allele.flac,1
C music/whole,04 - PROVE UR NOT A ROBOT [SKIP].flac,shift0.5,0.99364,0.63727,09 - Fiasko.flac,1
C music/whole,04 - Slug Night.flac,shift0.5,0.99929,0.94196,06 - Lizard Kids.flac,1
C music/whole,04 - Ziemia.flac,shift0.5,0.99911,0.83851,02 - Sun.flac,1
C music/whole,05 - (g)Raveyard tools.flac,shift0.5,0.99826,0.92472,08 - a star is bored.flac,1
C music/whole,05 - Blue Neck Riviera.flac,shift0.5,0.99936,0.92976,07 - Lunar Phobia.flac,1
C music/whole,05 - Phil K..flac,shift0.5,0.99661,0.76057,08 - Neptus.flac,1
C music/whole,05 - Stay In Touch.flac,shift0.5,0.99847,0.93743,13 - It Probably Matters.flac,1
C music/whole,05 - Yambe-Akka III.flac,shift0.5,0.99833,0.80703,01 - Allele.flac,1
C music/whole,06 - Eschaton.flac,shift0.5,0.99924,0.86811,01 - Allele.flac,1
C music/whole,06 - Interlude 1.flac,shift0.5,0.99806,0.86163,12 - Interlude 2.flac,1
C music/whole,06 - Lizard Kids.flac,shift0.5,0.9971,0.93527,04 - Slug Night.flac,1
C music/whole,06 - Planet Brasil.flac,shift0.5,0.99952,0.8563,06 - Eschaton.flac,1
C music/whole,06 - re_ laps (roll with iD).flac,shift0.5,0.99594,0.80086,06 - Planet Brasil.flac,1
C music/whole,07 - Jupiter.flac,shift0.5,0.99738,0.84506,02 - Sun.flac,1
C music/whole,07 - Lunar Phobia.flac,shift0.5,0.99875,0.93297,05 - Blue Neck Riviera.flac,1
C music/whole,07 - Mountain Child.flac,shift0.5,0.99856,0.95306,04 - Flight of Fancy.flac,1
C music/whole,07 - Reptikon 7.flac,shift0.5,0.99852,0.88647,05 - (g)Raveyard tools.flac,1
C music/whole,08 - NYSMAW.flac,shift0.5,0.99823,0.96212,13 - It Probably Matters.flac,1
C music/whole,08 - Neptus.flac,shift0.5,0.99946,0.83382,01 - Intrus.flac,1
C music/whole,08 - Wrack Attack.flac,shift0.5,0.99652,0.94858,03 - Prodigy.flac,1
C music/whole,08 - a star is bored.flac,shift0.5,0.99742,0.92125,05 - (g)Raveyard tools.flac,1
C music/whole,09 - Fiasko.flac,shift0.5,0.99774,0.67909,17 - No fair (42T).flac,1
C music/whole,09 - Ignored Pets.flac,shift0.5,0.99844,0.9473,03 - Prodigy.flac,1
C music/whole,09 - PROVE UR NOT A ROWBOAT [SKIPPER].flac,shift0.5,0.99663,0.65062,10 - Pleasure.flac,1
C music/whole,09 - Surveillance.flac,shift0.5,0.99895,0.95907,08 - NYSMAW.flac,1
C music/whole,10 - Number 10.flac,shift0.5,0.99693,0.94221,04 - Flight of Fancy.flac,1
C music/whole,10 - Pleasure.flac,shift0.5,0.99696,0.8415,07 - Lunar Phobia.flac,1
C music/whole,10 - evening narcomnastics [DON’T_POST!].flac,shift0.5,0.99786,0.89619,08 - a star is bored.flac,1
C music/whole,11 - F1 Halo.flac,shift0.5,0.99013,0.68528,02 - Fwd_ Re_ late (Ref._ karoshi).flac,1
C music/whole,11 - Party's Over.flac,shift0.5,0.99819,0.93765,04 - Flight of Fancy.flac,1
C music/whole,11 - Uhy Yuoi Yoi.flac,shift0.5,0.99802,0.94527,02 - Hare Tarot Lies.flac,1
C music/whole,12 - Interlude 2.flac,shift0.5,0.99807,0.86638,06 - Interlude 1.flac,1
C music/whole,12 - consent.flac,shift0.5,0.99882,0.82809,08 - a star is bored.flac,1
C music/whole,13 - It Probably Matters.flac,shift0.5,0.99766,0.96194,08 - NYSMAW.flac,1
C music/whole,13 - tracing Rays [reality glo].flac,shift0.5,0.99833,0.90009,15 - medal headz [G.B.D.F].flac,1
C music/whole,14 - ad interim.flac,shift0.5,0.99819,0.87891,13 - tracing Rays [reality glo].flac,1
C music/whole,15 - medal headz [G.B.D.F].flac,shift0.5,0.99857,0.89818,13 - tracing Rays [reality glo].flac,1
C music/whole,16 - brothers [drop mic].flac,shift0.5,0.99854,0.88977,08 - a star is bored.flac,1
C music/whole,17 - No fair (42T).flac,shift0.5,0.99857,0.869,07 - Reptikon 7.flac,1
C music/whole,01 - Allele.flac,shift1.2,0.99918,0.88577,02 - Fwd_ Re_ late (Ref._ karoshi).flac,1
C music/whole,01 - E.flac,shift1.2,0.99905,0.89615,06 - Lizard Kids.flac,1
C music/whole,01 - ITSAME [group hugg].flac,shift1.2,0.99854,0.87596,13 - tracing Rays [reality glo].flac,1
C music/whole,01 - If You Really Love Nothing.flac,shift1.2,0.99911,0.96212,13 - It Probably Matters.flac,1
C music/whole,01 - Intrus.flac,shift1.2,0.99781,0.82656,08 - Neptus.flac,1
C music/whole,02 - Cloud-pine.flac,shift1.2,0.99897,0.84272,03 - Tight Dirt II.flac,1
C music/whole,02 - Fwd_ Re_ late (Ref._ karoshi).flac,shift1.2,0.99881,0.88717,08 - a star is bored.flac,1
C music/whole,02 - Hare Tarot Lies.flac,shift1.2,0.99836,0.93933,11 - Uhy Yuoi Yoi.flac,1
C music/whole,02 - Sun.flac,shift1.2,0.99916,0.83711,04 - Ziemia.flac,1
C music/whole,02 - The Rover.flac,shift1.2,0.99809,0.96073,04 - Flight of Fancy.flac,1
C music/whole,03 - Complications.flac,shift1.2,0.99759,0.94751,02 - The Rover.flac,1
C music/whole,03 - Europa (feat. Ania Iwanek).flac,shift1.2,0.9975,0.80463,01 - Allele.flac,1
C music/whole,03 - Prodigy.flac,shift1.2,0.99826,0.94397,09 - Ignored Pets.flac,1
C music/whole,03 - Tight Dirt II.flac,shift1.2,0.99874,0.86913,04 - Magical Electronic Crickets.flac,1
C music/whole,03 - morning narcomnastics.flac,shift1.2,0.99704,0.86391,16 - brothers [drop mic].flac,1
C music/whole,04 - Flight of Fancy.flac,shift1.2,0.99854,0.95434,02 - The Rover.flac,1
C music/whole,04 - Magical Electronic Crickets.flac,shift1.2,0.99887,0.86354,01 - Allele.flac,1
C music/whole,04 - PROVE UR NOT A ROBOT [SKIP].flac,shift1.2,0.99231,0.63555,09 - Fiasko.flac,1
C music/whole,04 - Slug Night.flac,shift1.2,0.99897,0.94294,06 - Lizard Kids.flac,1
C music/whole,04 - Ziemia.flac,shift1.2,0.99904,0.83851,02 - Sun.flac,1
C music/whole,05 - (g)Raveyard tools.flac,shift1.2,0.99824,0.92198,08 - a star is bored.flac,1
C music/whole,05 - Blue Neck Riviera.flac,shift1.2,0.99888,0.9303,07 - Lunar Phobia.flac,1
C music/whole,05 - Phil K..flac,shift1.2,0.99335,0.74348,08 - Neptus.flac,1
C music/whole,05 - Stay In Touch.flac,shift1.2,0.99868,0.9398,13 - It Probably Matters.flac,1
C music/whole,05 - Yambe-Akka III.flac,shift1.2,0.9991,0.8217,01 - Allele.flac,1
C music/whole,06 - Eschaton.flac,shift1.2,0.99936,0.86835,01 - Allele.flac,1
C music/whole,06 - Interlude 1.flac,shift1.2,0.99542,0.86246,12 - Interlude 2.flac,1
C music/whole,06 - Lizard Kids.flac,shift1.2,0.99605,0.93769,09 - Ignored Pets.flac,1
C music/whole,06 - Planet Brasil.flac,shift1.2,0.99955,0.85459,06 - Eschaton.flac,1
C music/whole,06 - re_ laps (roll with iD).flac,shift1.2,0.99598,0.80074,06 - Planet Brasil.flac,1
C music/whole,07 - Jupiter.flac,shift1.2,0.99778,0.84514,02 - Sun.flac,1
C music/whole,07 - Lunar Phobia.flac,shift1.2,0.99769,0.93242,05 - Blue Neck Riviera.flac,1
C music/whole,07 - Mountain Child.flac,shift1.2,0.9982,0.95224,04 - Flight of Fancy.flac,1
C music/whole,07 - Reptikon 7.flac,shift1.2,0.99897,0.89018,05 - (g)Raveyard tools.flac,1
C music/whole,08 - NYSMAW.flac,shift1.2,0.99801,0.96246,13 - It Probably Matters.flac,1
C music/whole,08 - Neptus.flac,shift1.2,0.99936,0.83047,01 - Intrus.flac,1
C music/whole,08 - Wrack Attack.flac,shift1.2,0.99463,0.9472,03 - Prodigy.flac,1
C music/whole,08 - a star is bored.flac,shift1.2,0.99727,0.92388,05 - (g)Raveyard tools.flac,1
C music/whole,09 - Fiasko.flac,shift1.2,0.99651,0.67757,04 - PROVE UR NOT A ROBOT [SKIP].flac,1
C music/whole,09 - Ignored Pets.flac,shift1.2,0.99767,0.94648,03 - Prodigy.flac,1
C music/whole,09 - PROVE UR NOT A ROWBOAT [SKIPPER].flac,shift1.2,0.99725,0.65251,10 - Pleasure.flac,1
C music/whole,09 - Surveillance.flac,shift1.2,0.99873,0.95843,08 - NYSMAW.flac,1
C music/whole,10 - Number 10.flac,shift1.2,0.99799,0.94876,04 - Flight of Fancy.flac,1
C music/whole,10 - Pleasure.flac,shift1.2,0.99702,0.84261,07 - Lunar Phobia.flac,1
C music/whole,10 - evening narcomnastics [DON’T_POST!].flac,shift1.2,0.99767,0.89576,08 - a star is bored.flac,1
C music/whole,11 - F1 Halo.flac,shift1.2,0.99314,0.68402,13 - tracing Rays [reality glo].flac,1
C music/whole,11 - Party's Over.flac,shift1.2,0.99811,0.94156,02 - The Rover.flac,1
C music/whole,11 - Uhy Yuoi Yoi.flac,shift1.2,0.99814,0.94107,02 - Hare Tarot Lies.flac,1
C music/whole,12 - Interlude 2.flac,shift1.2,0.99644,0.87099,06 - Interlude 1.flac,1
C music/whole,12 - consent.flac,shift1.2,0.9983,0.83212,08 - a star is bored.flac,1
C music/whole,13 - It Probably Matters.flac,shift1.2,0.99818,0.96182,08 - NYSMAW.flac,1
C music/whole,13 - tracing Rays [reality glo].flac,shift1.2,0.99766,0.90575,15 - medal headz [G.B.D.F].flac,1
C music/whole,14 - ad interim.flac,shift1.2,0.99808,0.87638,13 - tracing Rays [reality glo].flac,1
C music/whole,15 - medal headz [G.B.D.F].flac,shift1.2,0.99845,0.90121,13 - tracing Rays [reality glo].flac,1
C music/whole,16 - brothers [drop mic].flac,shift1.2,0.99846,0.89572,08 - a star is bored.flac,1
C music/whole,17 - No fair (42T).flac,shift1.2,0.99823,0.87147,07 - Reptikon 7.flac,1
C music/whole,01 - Allele.flac,shift3.0,0.99886,0.88581,02 - Fwd_ Re_ late (Ref._ karoshi).flac,1
C music/whole,01 - E.flac,shift3.0,0.99894,0.89846,06 - Lizard Kids.flac,1
C music/whole,01 - ITSAME [group hugg].flac,shift3.0,0.99803,0.87687,13 - tracing Rays [reality glo].flac,1
C music/whole,01 - If You Really Love Nothing.flac,shift3.0,0.99858,0.95861,13 - It Probably Matters.flac,1
C music/whole,01 - Intrus.flac,shift3.0,0.99825,0.83417,08 - Neptus.flac,1
C music/whole,02 - Cloud-pine.flac,shift3.0,0.9992,0.84425,03 - Tight Dirt II.flac,1
C music/whole,02 - Fwd_ Re_ late (Ref._ karoshi).flac,shift3.0,0.99861,0.88364,08 - a star is bored.flac,1
C music/whole,02 - Hare Tarot Lies.flac,shift3.0,0.9979,0.94055,11 - Uhy Yuoi Yoi.flac,1
C music/whole,02 - Sun.flac,shift3.0,0.99898,0.83571,04 - Ziemia.flac,1
C music/whole,02 - The Rover.flac,shift3.0,0.99814,0.95525,04 - Flight of Fancy.flac,1
C music/whole,03 - Complications.flac,shift3.0,0.99746,0.94852,02 - The Rover.flac,1
C music/whole,03 - Europa (feat. Ania Iwanek).flac,shift3.0,0.99658,0.8011,01 - Allele.flac,1
C music/whole,03 - Prodigy.flac,shift3.0,0.99694,0.94256,08 - Wrack Attack.flac,1
C music/whole,03 - Tight Dirt II.flac,shift3.0,0.99904,0.8638,04 - Magical Electronic Crickets.flac,1
C music/whole,03 - morning narcomnastics.flac,shift3.0,0.99684,0.86732,16 - brothers [drop mic].flac,1
C music/whole,04 - Flight of Fancy.flac,shift3.0,0.99812,0.95698,02 - The Rover.flac,1
C music/whole,04 - Magical Electronic Crickets.flac,shift3.0,0.99829,0.86179,01 - Allele.flac,1
C music/whole,04 - PROVE UR NOT A ROBOT [SKIP].flac,shift3.0,0.99291,0.63959,09 - Fiasko.flac,1
C music/whole,04 - Slug Night.flac,shift3.0,0.99907,0.94227,06 - Lizard Kids.flac,1
C music/whole,04 - Ziemia.flac,shift3.0,0.99855,0.83664,02 - Sun.flac,1
C music/whole,05 - (g)Raveyard tools.flac,shift3.0,0.99705,0.92,08 - a star is bored.flac,1
C music/whole,05 - Blue Neck Riviera.flac,shift3.0,0.99881,0.93011,07 - Lunar Phobia.flac,1
C music/whole,05 - Phil K..flac,shift3.0,0.99635,0.77912,08 - Neptus.flac,1
C music/whole,05 - Stay In Touch.flac,shift3.0,0.99793,0.93667,13 - It Probably Matters.flac,1
C music/whole,05 - Yambe-Akka III.flac,shift3.0,0.99804,0.81845,06 - Eschaton.flac,1
C music/whole,06 - Eschaton.flac,shift3.0,0.9988,0.869,01 - Allele.flac,1
C music/whole,06 - Interlude 1.flac,shift3.0,0.99292,0.87285,12 - Interlude 2.flac,1
C music/whole,06 - Lizard Kids.flac,shift3.0,0.99505,0.93536,04 - Slug Night.flac,1
C music/whole,06 - Planet Brasil.flac,shift3.0,0.9991,0.85545,06 - Eschaton.flac,1
C music/whole,06 - re_ laps (roll with iD).flac,shift3.0,0.99509,0.79182,02 - Sun.flac,1
C music/whole,07 - Jupiter.flac,shift3.0,0.99622,0.849,02 - Sun.flac,1
C music/whole,07 - Lunar Phobia.flac,shift3.0,0.99774,0.93077,05 - Blue Neck Riviera.flac,1
C music/whole,07 - Mountain Child.flac,shift3.0,0.99776,0.95098,01 - If You Really Love Nothing.flac,1
C music/whole,07 - Reptikon 7.flac,shift3.0,0.99827,0.88818,05 - (g)Raveyard tools.flac,1
C music/whole,08 - NYSMAW.flac,shift3.0,0.99747,0.96144,13 - It Probably Matters.flac,1
C music/whole,08 - Neptus.flac,shift3.0,0.99877,0.82872,01 - Intrus.flac,1
C music/whole,08 - Wrack Attack.flac,shift3.0,0.99529,0.946,03 - Prodigy.flac,1
C music/whole,08 - a star is bored.flac,shift3.0,0.99703,0.92371,05 - (g)Raveyard tools.flac,1
C music/whole,09 - Fiasko.flac,shift3.0,0.99552,0.67736,17 - No fair (42T).flac,1
C music/whole,09 - Ignored Pets.flac,shift3.0,0.99642,0.94297,03 - Prodigy.flac,1
C music/whole,09 - PROVE UR NOT A ROWBOAT [SKIPPER].flac,shift3.0,0.99582,0.64981,10 - Pleasure.flac,1
C music/whole,09 - Surveillance.flac,shift3.0,0.99871,0.9595,08 - NYSMAW.flac,1
C music/whole,10 - Number 10.flac,shift3.0,0.99532,0.94655,04 - Flight of Fancy.flac,1
C music/whole,10 - Pleasure.flac,shift3.0,0.99606,0.84076,07 - Lunar Phobia.flac,1
C music/whole,10 - evening narcomnastics [DON’T_POST!].flac,shift3.0,0.99693,0.89512,08 - a star is bored.flac,1
C music/whole,11 - F1 Halo.flac,shift3.0,0.99092,0.68546,02 - Fwd_ Re_ late (Ref._ karoshi).flac,1
C music/whole,11 - Party's Over.flac,shift3.0,0.99812,0.93588,02 - The Rover.flac,1
C music/whole,11 - Uhy Yuoi Yoi.flac,shift3.0,0.99738,0.94488,02 - Hare Tarot Lies.flac,1
C music/whole,12 - Interlude 2.flac,shift3.0,0.99641,0.86565,06 - Interlude 1.flac,1
C music/whole,12 - consent.flac,shift3.0,0.99812,0.82458,02 - Fwd_ Re_ late (Ref._ karoshi).flac,1
C music/whole,13 - It Probably Matters.flac,shift3.0,0.99739,0.96174,01 - If You Really Love Nothing.flac,1
C music/whole,13 - tracing Rays [reality glo].flac,shift3.0,0.99656,0.90749,15 - medal headz [G.B.D.F].flac,1
C music/whole,14 - ad interim.flac,shift3.0,0.99789,0.87776,13 - tracing Rays [reality glo].flac,1
C music/whole,15 - medal headz [G.B.D.F].flac,shift3.0,0.99745,0.90156,13 - tracing Rays [reality glo].flac,1
C music/whole,16 - brothers [drop mic].flac,shift3.0,0.99884,0.89265,08 - a star is bored.flac,1
C music/whole,17 - No fair (42T).flac,shift3.0,0.99847,0.87093,07 - Reptikon 7.flac,1
C music/whole,01 - Allele.flac,shift5.0,0.99907,0.88288,02 - Fwd_ Re_ late (Ref._ karoshi).flac,1
C music/whole,01 - E.flac,shift5.0,0.99913,0.89836,06 - Lizard Kids.flac,1
C music/whole,01 - ITSAME [group hugg].flac,shift5.0,0.99822,0.87653,13 - tracing Rays [reality glo].flac,1
C music/whole,01 - If You Really Love Nothing.flac,shift5.0,0.99866,0.96111,13 - It Probably Matters.flac,1
C music/whole,01 - Intrus.flac,shift5.0,0.99812,0.8326,08 - Neptus.flac,1
C music/whole,02 - Cloud-pine.flac,shift5.0,0.99919,0.84343,03 - Tight Dirt II.flac,1
C music/whole,02 - Fwd_ Re_ late (Ref._ karoshi).flac,shift5.0,0.99855,0.88452,08 - a star is bored.flac,1
C music/whole,02 - Hare Tarot Lies.flac,shift5.0,0.99775,0.93941,11 - Uhy Yuoi Yoi.flac,1
C music/whole,02 - Sun.flac,shift5.0,0.99916,0.83987,04 - Ziemia.flac,1
C music/whole,02 - The Rover.flac,shift5.0,0.99772,0.955,04 - Flight of Fancy.flac,1
C music/whole,03 - Complications.flac,shift5.0,0.997,0.95092,02 - The Rover.flac,1
C music/whole,03 - Europa (feat. Ania Iwanek).flac,shift5.0,0.99638,0.80668,01 - Allele.flac,1
C music/whole,03 - Prodigy.flac,shift5.0,0.99817,0.94399,08 - Wrack Attack.flac,1
C music/whole,03 - Tight Dirt II.flac,shift5.0,0.99896,0.85992,04 - Magical Electronic Crickets.flac,1
C music/whole,03 - morning narcomnastics.flac,shift5.0,0.9977,0.86019,16 - brothers [drop mic].flac,1
C music/whole,04 - Flight of Fancy.flac,shift5.0,0.99856,0.95452,02 - The Rover.flac,1
C music/whole,04 - Magical Electronic Crickets.flac,shift5.0,0.99859,0.86674,01 - Allele.flac,1
C music/whole,04 - PROVE UR NOT A ROBOT [SKIP].flac,shift5.0,0.99517,0.64579,09 - Fiasko.flac,1
C music/whole,04 - Slug Night.flac,shift5.0,0.99914,0.94307,06 - Lizard Kids.flac,1
C music/whole,04 - Ziemia.flac,shift5.0,0.99867,0.8386,02 - Sun.flac,1
C music/whole,05 - (g)Raveyard tools.flac,shift5.0,0.99857,0.9168,08 - a star is bored.flac,1
C music/whole,05 - Blue Neck Riviera.flac,shift5.0,0.99909,0.93028,07 - Lunar Phobia.flac,1
C music/whole,05 - Phil K..flac,shift5.0,0.99767,0.77144,08 - Neptus.flac,1
C music/whole,05 - Stay In Touch.flac,shift5.0,0.9991,0.93981,13 - It Probably Matters.flac,1
C music/whole,05 - Yambe-Akka III.flac,shift5.0,0.99853,0.82894,06 - Eschaton.flac,1
C music/whole,06 - Eschaton.flac,shift5.0,0.99904,0.86748,01 - Allele.flac,1
C music/whole,06 - Interlude 1.flac,shift5.0,0.99297,0.87369,12 - Interlude 2.flac,1
C music/whole,06 - Lizard Kids.flac,shift5.0,0.9964,0.93931,04 - Slug Night.flac,1
C music/whole,06 - Planet Brasil.flac,shift5.0,0.99962,0.85405,06 - Eschaton.flac,1
C music/whole,06 - re_ laps (roll with iD).flac,shift5.0,0.99404,0.79431,02 - Sun.flac,1
C music/whole,07 - Jupiter.flac,shift5.0,0.99724,0.84186,02 - Sun.flac,1
C music/whole,07 - Lunar Phobia.flac,shift5.0,0.9984,0.93048,05 - Blue Neck Riviera.flac,1
C music/whole,07 - Mountain Child.flac,shift5.0,0.99807,0.94985,01 - If You Really Love Nothing.flac,1
C music/whole,07 - Reptikon 7.flac,shift5.0,0.99861,0.88707,08 - a star is bored.flac,1
C music/whole,08 - NYSMAW.flac,shift5.0,0.99862,0.96223,13 - It Probably Matters.flac,1
C music/whole,08 - Neptus.flac,shift5.0,0.99864,0.8329,01 - Intrus.flac,1
C music/whole,08 - Wrack Attack.flac,shift5.0,0.99802,0.94787,03 - Prodigy.flac,1
C music/whole,08 - a star is bored.flac,shift5.0,0.9979,0.92742,05 - (g)Raveyard tools.flac,1
C music/whole,09 - Fiasko.flac,shift5.0,0.99697,0.69027,17 - No fair (42T).flac,1
C music/whole,09 - Ignored Pets.flac,shift5.0,0.99728,0.94614,03 - Prodigy.flac,1
C music/whole,09 - PROVE UR NOT A ROWBOAT [SKIPPER].flac,shift5.0,0.99581,0.65893,10 - Pleasure.flac,1
C music/whole,09 - Surveillance.flac,shift5.0,0.99886,0.9569,08 - NYSMAW.flac,1
C music/whole,10 - Number 10.flac,shift5.0,0.99791,0.94521,04 - Flight of Fancy.flac,1
C music/whole,10 - Pleasure.flac,shift5.0,0.9962,0.84324,07 - Lunar Phobia.flac,1
C music/whole,10 - evening narcomnastics [DON’T_POST!].flac,shift5.0,0.99712,0.89658,08 - a star is bored.flac,1
C music/whole,11 - F1 Halo.flac,shift5.0,0.99052,0.69117,02 - Fwd_ Re_ late (Ref._ karoshi).flac,1
C music/whole,11 - Party's Over.flac,shift5.0,0.99876,0.94036,02 - The Rover.flac,1
C music/whole,11 - Uhy Yuoi Yoi.flac,shift5.0,0.99844,0.94124,02 - Hare Tarot Lies.flac,1
C music/whole,12 - Interlude 2.flac,shift5.0,0.99414,0.85135,06 - Interlude 1.flac,1
C music/whole,12 - consent.flac,shift5.0,0.99842,0.82386,08 - a star is bored.flac,1
C music/whole,13 - It Probably Matters.flac,shift5.0,0.99918,0.96108,01 - If You Really Love Nothing.flac,1
C music/whole,13 - tracing Rays [reality glo].flac,shift5.0,0.99665,0.91112,15 - medal headz [G.B.D.F].flac,1
C music/whole,14 - ad interim.flac,shift5.0,0.99825,0.87736,13 - tracing Rays [reality glo].flac,1
C music/whole,15 - medal headz [G.B.D.F].flac,shift5.0,0.99765,0.90126,13 - tracing Rays [reality glo].flac,1
C music/whole,16 - brothers [drop mic].flac,shift5.0,0.99855,0.88893,08 - a star is bored.flac,1
C music/whole,17 - No fair (42T).flac,shift5.0,0.99856,0.86613,07 - Reptikon 7.flac,1
C music/whole,01 - Allele.flac,mp3_320k,0.99831,0.87958,02 - Fwd_ Re_ late (Ref._ karoshi).flac,1
C music/whole,01 - E.flac,mp3_320k,0.99991,0.89808,06 - Lizard Kids.flac,1
C music/whole,01 - ITSAME [group hugg].flac,mp3_320k,0.99971,0.87205,13 - tracing Rays [reality glo].flac,1
C music/whole,01 - If You Really Love Nothing.flac,mp3_320k,0.99982,0.9591,13 - It Probably Matters.flac,1
C music/whole,01 - Intrus.flac,mp3_320k,0.99957,0.83232,08 - Neptus.flac,1
C music/whole,02 - Cloud-pine.flac,mp3_320k,0.99981,0.84064,01 - Allele.flac,1
C music/whole,02 - Fwd_ Re_ late (Ref._ karoshi).flac,mp3_320k,0.99931,0.88786,08 - a star is bored.flac,1
C music/whole,02 - Hare Tarot Lies.flac,mp3_320k,0.99986,0.93652,11 - Uhy Yuoi Yoi.flac,1
C music/whole,02 - Sun.flac,mp3_320k,0.99988,0.83911,04 - Ziemia.flac,1
C music/whole,02 - The Rover.flac,mp3_320k,0.99993,0.95573,04 - Flight of Fancy.flac,1
C music/whole,03 - Complications.flac,mp3_320k,0.99989,0.9448,02 - The Rover.flac,1
C music/whole,03 - Europa (feat. Ania Iwanek).flac,mp3_320k,0.99975,0.79648,01 - Allele.flac,1
C music/whole,03 - Prodigy.flac,mp3_320k,0.9998,0.94672,08 - Wrack Attack.flac,1
C music/whole,03 - Tight Dirt II.flac,mp3_320k,0.99979,0.86591,04 - Magical Electronic Crickets.flac,1
C music/whole,03 - morning narcomnastics.flac,mp3_320k,0.99842,0.85599,16 - brothers [drop mic].flac,1
C music/whole,04 - Flight of Fancy.flac,mp3_320k,0.99978,0.95785,02 - The Rover.flac,1
C music/whole,04 - Magical Electronic Crickets.flac,mp3_320k,0.99983,0.86546,03 - Tight Dirt II.flac,1
C music/whole,04 - PROVE UR NOT A ROBOT [SKIP].flac,mp3_320k,0.99977,0.65854,09 - Fiasko.flac,1
C music/whole,04 - Slug Night.flac,mp3_320k,0.99979,0.94174,06 - Lizard Kids.flac,1
C music/whole,04 - Ziemia.flac,mp3_320k,0.99981,0.83658,02 - Sun.flac,1
C music/whole,05 - (g)Raveyard tools.flac,mp3_320k,0.99846,0.91697,08 - a star is bored.flac,1
C music/whole,05 - Blue Neck Riviera.flac,mp3_320k,0.99983,0.9298,07 - Lunar Phobia.flac,1
C music/whole,05 - Phil K..flac,mp3_320k,0.99915,0.77577,08 - Neptus.flac,1
C music/whole,05 - Stay In Touch.flac,mp3_320k,0.99981,0.94003,13 - It Probably Matters.flac,1
C music/whole,05 - Yambe-Akka III.flac,mp3_320k,0.99931,0.82048,06 - Eschaton.flac,1
C music/whole,06 - Eschaton.flac,mp3_320k,0.99991,0.8612,01 - Allele.flac,1
C music/whole,06 - Interlude 1.flac,mp3_320k,0.99587,0.8521,12 - Interlude 2.flac,1
C music/whole,06 - Lizard Kids.flac,mp3_320k,0.99992,0.94209,04 - Slug Night.flac,1
C music/whole,06 - Planet Brasil.flac,mp3_320k,0.99971,0.85127,06 - Eschaton.flac,1
C music/whole,06 - re_ laps (roll with iD).flac,mp3_320k,0.99619,0.7971,06 - Planet Brasil.flac,1
C music/whole,07 - Jupiter.flac,mp3_320k,0.99964,0.83349,02 - Sun.flac,1
C music/whole,07 - Lunar Phobia.flac,mp3_320k,0.99992,0.93158,05 - Blue Neck Riviera.flac,1
C music/whole,07 - Mountain Child.flac,mp3_320k,0.99976,0.94751,01 - If You Really Love Nothing.flac,1
C music/whole,07 - Reptikon 7.flac,mp3_320k,0.99972,0.88239,08 - a star is bored.flac,1
C music/whole,08 - NYSMAW.flac,mp3_320k,0.9999,0.96088,13 - It Probably Matters.flac,1
C music/whole,08 - Neptus.flac,mp3_320k,0.99986,0.83502,01 - Intrus.flac,1
C music/whole,08 - Wrack Attack.flac,mp3_320k,0.99989,0.94302,03 - Prodigy.flac,1
C music/whole,08 - a star is bored.flac,mp3_320k,0.99959,0.92266,05 - (g)Raveyard tools.flac,1
C music/whole,09 - Fiasko.flac,mp3_320k,0.99971,0.68286,17 - No fair (42T).flac,1
C music/whole,09 - Ignored Pets.flac,mp3_320k,0.9998,0.94559,03 - Prodigy.flac,1
C music/whole,09 - PROVE UR NOT A ROWBOAT [SKIPPER].flac,mp3_320k,0.99988,0.65509,10 - Pleasure.flac,1
C music/whole,09 - Surveillance.flac,mp3_320k,0.99986,0.95751,08 - NYSMAW.flac,1
C music/whole,10 - Number 10.flac,mp3_320k,0.99973,0.94182,04 - Flight of Fancy.flac,1
C music/whole,10 - Pleasure.flac,mp3_320k,0.99867,0.85112,07 - Lunar Phobia.flac,1
C music/whole,10 - evening narcomnastics [DON’T_POST!].flac,mp3_320k,0.99939,0.88417,08 - a star is bored.flac,1
C music/whole,11 - F1 Halo.flac,mp3_320k,0.99943,0.68711,13 - tracing Rays [reality glo].flac,1
C music/whole,11 - Party's Over.flac,mp3_320k,0.9999,0.93866,02 - The Rover.flac,1
C music/whole,11 - Uhy Yuoi Yoi.flac,mp3_320k,0.99971,0.93694,02 - Hare Tarot Lies.flac,1
C music/whole,12 - Interlude 2.flac,mp3_320k,0.99649,0.87144,06 - Interlude 1.flac,1
C music/whole,12 - consent.flac,mp3_320k,0.99897,0.82343,08 - a star is bored.flac,1
C music/whole,13 - It Probably Matters.flac,mp3_320k,0.99981,0.96056,08 - NYSMAW.flac,1
C music/whole,13 - tracing Rays [reality glo].flac,mp3_320k,0.99953,0.89731,15 - medal headz [G.B.D.F].flac,1
C music/whole,14 - ad interim.flac,mp3_320k,0.99955,0.87545,13 - tracing Rays [reality glo].flac,1
C music/whole,15 - medal headz [G.B.D.F].flac,mp3_320k,0.99944,0.90477,13 - tracing Rays [reality glo].flac,1
C music/whole,16 - brothers [drop mic].flac,mp3_320k,0.99873,0.89122,08 - a star is bored.flac,1
C music/whole,17 - No fair (42T).flac,mp3_320k,0.99945,0.86658,07 - Reptikon 7.flac,1
C music/whole,01 - Allele.flac,mp3_128k,0.73169,0.74534,06 - re_ laps (roll with iD).flac,0
C music/whole,01 - E.flac,mp3_128k,0.90916,0.75543,06 - Lizard Kids.flac,1
C music/whole,01 - ITSAME [group hugg].flac,mp3_128k,0.79249,0.6573,14 - ad interim.flac,1
C music/whole,01 - If You Really Love Nothing.flac,mp3_128k,0.78314,0.7425,02 - The Rover.flac,1
C music/whole,01 - Intrus.flac,mp3_128k,0.89705,0.70306,08 - Neptus.flac,1
C music/whole,02 - Cloud-pine.flac,mp3_128k,0.77326,0.64951,06 - Eschaton.flac,1
C music/whole,02 - Fwd_ Re_ late (Ref._ karoshi).flac,mp3_128k,0.60239,0.66465,06 - re_ laps (roll with iD).flac,0
C music/whole,02 - Hare Tarot Lies.flac,mp3_128k,0.90986,0.84345,11 - Uhy Yuoi Yoi.flac,1
C music/whole,02 - Sun.flac,mp3_128k,0.88467,0.82377,06 - re_ laps (roll with iD).flac,1
C music/whole,02 - The Rover.flac,mp3_128k,0.86955,0.8491,03 - Complications.flac,1
C music/whole,03 - Complications.flac,mp3_128k,0.79633,0.72416,02 - The Rover.flac,1
C music/whole,03 - Europa (feat. Ania Iwanek).flac,mp3_128k,0.82594,0.77151,06 - re_ laps (roll with iD).flac,1
C music/whole,03 - Prodigy.flac,mp3_128k,0.91831,0.90972,08 - Wrack Attack.flac,1
C music/whole,03 - Tight Dirt II.flac,mp3_128k,0.75083,0.69887,06 - Eschaton.flac,1
C music/whole,03 - morning narcomnastics.flac,mp3_128k,0.7398,0.68169,17 - No fair (42T).flac,1
C music/whole,04 - Flight of Fancy.flac,mp3_128k,0.79611,0.79296,03 - Complications.flac,1
C music/whole,04 - Magical Electronic Crickets.flac,mp3_128k,0.77944,0.69572,06 - Eschaton.flac,1
C music/whole,04 - PROVE UR NOT A ROBOT [SKIP].flac,mp3_128k,0.94293,0.60089,01 - ITSAME [group hugg].flac,1
C music/whole,04 - Slug Night.flac,mp3_128k,0.82162,0.78046,08 - Wrack Attack.flac,1
C music/whole,04 - Ziemia.flac,mp3_128k,0.83309,0.71779,06 - re_ laps (roll with iD).flac,1
C music/whole,05 - (g)Raveyard tools.flac,mp3_128k,0.65273,0.69557,06 - re_ laps (roll with iD).flac,0
C music/whole,05 - Blue Neck Riviera.flac,mp3_128k,0.85298,0.8103,08 - Wrack Attack.flac,1
C music/whole,05 - Phil K..flac,mp3_128k,0.80462,0.65192,01 - Intrus.flac,1
C music/whole,05 - Stay In Touch.flac,mp3_128k,0.81253,0.74787,03 - Complications.flac,1
C music/whole,05 - Yambe-Akka III.flac,mp3_128k,0.81942,0.67139,06 - Eschaton.flac,1
C music/whole,06 - Eschaton.flac,mp3_128k,0.80763,0.70362,06 - Planet Brasil.flac,1
C music/whole,06 - Interlude 1.flac,mp3_128k,0.82054,0.63964,12 - Interlude 2.flac,1
C music/whole,06 - Lizard Kids.flac,mp3_128k,0.8598,0.84863,03 - Prodigy.flac,1
C music/whole,06 - Planet Brasil.flac,mp3_128k,0.82192,0.73535,06 - re_ laps (roll with iD).flac,1
C music/whole,06 - re_ laps (roll with iD).flac,mp3_128k,0.88679,0.68927,06 - Planet Brasil.flac,1
C music/whole,07 - Jupiter.flac,mp3_128k,0.84254,0.66419,06 - Planet Brasil.flac,1
C music/whole,07 - Lunar Phobia.flac,mp3_128k,0.81577,0.81314,08 - Wrack Attack.flac,1
C music/whole,07 - Mountain Child.flac,mp3_128k,0.76168,0.74147,10 - Number 10.flac,1
C music/whole,07 - Reptikon 7.flac,mp3_128k,0.70284,0.72448,06 - re_ laps (roll with iD).flac,0
C music/whole,08 - NYSMAW.flac,mp3_128k,0.82506,0.7917,09 - Surveillance.flac,1
C music/whole,08 - Neptus.flac,mp3_128k,0.80038,0.71917,01 - Intrus.flac,1
C music/whole,08 - Wrack Attack.flac,mp3_128k,0.89701,0.80627,03 - Prodigy.flac,1
C music/whole,08 - a star is bored.flac,mp3_128k,0.65318,0.69572,06 - re_ laps (roll with iD).flac,0
C music/whole,09 - Fiasko.flac,mp3_128k,0.8239,0.64371,04 - PROVE UR NOT A ROBOT [SKIP].flac,1
C music/whole,09 - Ignored Pets.flac,mp3_128k,0.86664,0.87142,08 - Wrack Attack.flac,0
C music/whole,09 - PROVE UR NOT A ROWBOAT [SKIPPER].flac,mp3_128k,0.68717,0.61125,04 - PROVE UR NOT A ROBOT [SKIP].flac,1
C music/whole,09 - Surveillance.flac,mp3_128k,0.8502,0.81493,08 - NYSMAW.flac,1
C music/whole,10 - Number 10.flac,mp3_128k,0.79489,0.72872,02 - The Rover.flac,1
C music/whole,10 - Pleasure.flac,mp3_128k,0.72295,0.65574,08 - Wrack Attack.flac,1
C music/whole,10 - evening narcomnastics [DON’T_POST!].flac,mp3_128k,0.76186,0.69233,06 - re_ laps (roll with iD).flac,1
C music/whole,11 - F1 Halo.flac,mp3_128k,0.75306,0.57196,17 - No fair (42T).flac,1
C music/whole,11 - Party's Over.flac,mp3_128k,0.80929,0.76169,02 - The Rover.flac,1
C music/whole,11 - Uhy Yuoi Yoi.flac,mp3_128k,0.81272,0.78191,02 - Hare Tarot Lies.flac,1
C music/whole,12 - Interlude 2.flac,mp3_128k,0.78781,0.78522,06 - Interlude 1.flac,1
C music/whole,12 - consent.flac,mp3_128k,0.63202,0.68127,06 - re_ laps (roll with iD).flac,0
C music/whole,13 - It Probably Matters.flac,mp3_128k,0.81213,0.79309,08 - NYSMAW.flac,1
C music/whole,13 - tracing Rays [reality glo].flac,mp3_128k,0.7789,0.75717,01 - ITSAME [group hugg].flac,1
C music/whole,14 - ad interim.flac,mp3_128k,0.81454,0.68897,06 - Planet Brasil.flac,1
C music/whole,15 - medal headz [G.B.D.F].flac,mp3_128k,0.65906,0.71905,14 - ad interim.flac,0
C music/whole,16 - brothers [drop mic].flac,mp3_128k,0.62721,0.6919,06 - re_ laps (roll with iD).flac,0
C music/whole,17 - No fair (42T).flac,mp3_128k,0.78924,0.6876,06 - re_ laps (roll with iD).flac,1
D ref/frag3,01 - Allele.flac,shift0.5,0.99753,0.92134,10 - evening narcomnastics [DON’T_POST!].flac,1
D ref/frag3,01 - E.flac,shift0.5,0.99612,0.93001,06 - Lizard Kids.flac,1
D ref/frag3,01 - ITSAME [group hugg].flac,shift0.5,0.99531,0.91101,01 - Allele.flac,1
D ref/frag3,01 - If You Really Love Nothing.flac,shift0.5,0.99801,0.97896,07 - Mountain Child.flac,1
D ref/frag3,01 - Intrus.flac,shift0.5,0.99483,0.80669,01 - E.flac,1
D ref/frag3,02 - Cloud-pine.flac,shift0.5,0.99602,0.86535,06 - Eschaton.flac,1
D ref/frag3,02 - Fwd_ Re_ late (Ref._ karoshi).flac,shift0.5,0.997,0.89031,03 - Tight Dirt II.flac,1
D ref/frag3,02 - Hare Tarot Lies.flac,shift0.5,0.99672,0.9413,11 - Uhy Yuoi Yoi.flac,1
D ref/frag3,02 - Sun.flac,shift0.5,0.99356,0.91439,05 - Blue Neck Riviera.flac,1
D ref/frag3,02 - The Rover.flac,shift0.5,0.99757,0.98411,04 - Flight of Fancy.flac,1
D ref/frag3,03 - Complications.flac,shift0.5,0.99712,0.9752,07 - Mountain Child.flac,1
D ref/frag3,03 - Europa (feat. Ania Iwanek).flac,shift0.5,0.99213,0.8528,05 - Blue Neck Riviera.flac,1
D ref/frag3,03 - Prodigy.flac,shift0.5,0.99721,0.97131,09 - Ignored Pets.flac,1
D ref/frag3,03 - Tight Dirt II.flac,shift0.5,0.99309,0.91744,04 - Magical Electronic Crickets.flac,1
D ref/frag3,03 - morning narcomnastics.flac,shift0.5,0.99219,0.86254,10 - evening narcomnastics [DON’T_POST!].flac,1
D ref/frag3,04 - Flight of Fancy.flac,shift0.5,0.99848,0.98321,02 - The Rover.flac,1
D ref/frag3,04 - Magical Electronic Crickets.flac,shift0.5,0.99654,0.91497,03 - Tight Dirt II.flac,1
D ref/frag3,04 - PROVE UR NOT A ROBOT [SKIP].flac,shift0.5,0.99286,0.76392,10 - evening narcomnastics [DON’T_POST!].flac,1
D ref/frag3,04 - Slug Night.flac,shift0.5,0.99648,0.95557,04 - Flight of Fancy.flac,1
D ref/frag3,04 - Ziemia.flac,shift0.5,0.9951,0.8516,01 - ITSAME [group hugg].flac,1
D ref/frag3,05 - (g)Raveyard tools.flac,shift0.5,0.99667,0.92112,01 - Allele.flac,1
D ref/frag3,05 - Blue Neck Riviera.flac,shift0.5,0.99482,0.92052,06 - Lizard Kids.flac,1
D ref/frag3,05 - Phil K..flac,shift0.5,0.99013,0.76964,07 - Jupiter.flac,1
D ref/frag3,05 - Stay In Touch.flac,shift0.5,0.99713,0.97152,10 - Number 10.flac,1
D ref/frag3,05 - Yambe-Akka III.flac,shift0.5,0.99349,0.92033,01 - Allele.flac,1
D ref/frag3,06 - Eschaton.flac,shift0.5,0.99058,0.91412,05 - Yambe-Akka III.flac,1
D ref/frag3,06 - Interlude 1.flac,shift0.5,0.99584,0.79549,12 - Interlude 2.flac,1
D ref/frag3,06 - Lizard Kids.flac,shift0.5,0.99684,0.96446,09 - Ignored Pets.flac,1
D ref/frag3,06 - Planet Brasil.flac,shift0.5,0.997,0.90441,02 - Sun.flac,1
D ref/frag3,06 - re_ laps (roll with iD).flac,shift0.5,0.99502,0.89151,02 - Sun.flac,1
D ref/frag3,07 - Jupiter.flac,shift0.5,0.99693,0.83883,02 - Sun.flac,1
D ref/frag3,07 - Lunar Phobia.flac,shift0.5,0.99518,0.90364,05 - Blue Neck Riviera.flac,1
D ref/frag3,07 - Mountain Child.flac,shift0.5,0.99737,0.97984,04 - Flight of Fancy.flac,1
D ref/frag3,07 - Reptikon 7.flac,shift0.5,0.99313,0.88693,05 - (g)Raveyard tools.flac,1
D ref/frag3,08 - NYSMAW.flac,shift0.5,0.99712,0.9694,13 - It Probably Matters.flac,1
D ref/frag3,08 - Neptus.flac,shift0.5,0.99366,0.85374,01 - Allele.flac,1
D ref/frag3,08 - Wrack Attack.flac,shift0.5,0.98966,0.95213,03 - Prodigy.flac,1
D ref/frag3,08 - a star is bored.flac,shift0.5,0.99687,0.90876,03 - Tight Dirt II.flac,1
D ref/frag3,09 - Fiasko.flac,shift0.5,0.98558,0.62008,04 - PROVE UR NOT A ROBOT [SKIP].flac,1
D ref/frag3,09 - Ignored Pets.flac,shift0.5,0.99684,0.96792,03 - Prodigy.flac,1
D ref/frag3,09 - PROVE UR NOT A ROWBOAT [SKIPPER].flac,shift0.5,0.99736,0.65201,04 - PROVE UR NOT A ROBOT [SKIP].flac,1
D ref/frag3,09 - Surveillance.flac,shift0.5,0.99741,0.97575,10 - Number 10.flac,1
D ref/frag3,10 - Number 10.flac,shift0.5,0.99711,0.97207,04 - Flight of Fancy.flac,1
D ref/frag3,10 - Pleasure.flac,shift0.5,0.99221,0.83438,03 - Europa (feat. Ania Iwanek).flac,1
D ref/frag3,10 - evening narcomnastics [DON’T_POST!].flac,shift0.5,0.99684,0.92807,01 - Allele.flac,1
D ref/frag3,11 - F1 Halo.flac,shift0.5,0.99194,0.81332,03 - morning narcomnastics.flac,1
D ref/frag3,11 - Party's Over.flac,shift0.5,0.99765,0.9586,02 - The Rover.flac,1
D ref/frag3,11 - Uhy Yuoi Yoi.flac,shift0.5,0.99459,0.92769,02 - Hare Tarot Lies.flac,1
D ref/frag3,12 - Interlude 2.flac,shift0.5,0.99349,0.82949,06 - Interlude 1.flac,1
D ref/frag3,12 - consent.flac,shift0.5,0.9947,0.85063,02 - Fwd_ Re_ late (Ref._ karoshi).flac,1
D ref/frag3,13 - It Probably Matters.flac,shift0.5,0.99438,0.97235,08 - NYSMAW.flac,1
D ref/frag3,13 - tracing Rays [reality glo].flac,shift0.5,0.99659,0.88987,10 - evening narcomnastics [DON’T_POST!].flac,1
D ref/frag3,14 - ad interim.flac,shift0.5,0.9945,0.85903,07 - Reptikon 7.flac,1
D ref/frag3,15 - medal headz [G.B.D.F].flac,shift0.5,0.99678,0.90924,05 - (g)Raveyard tools.flac,1
D ref/frag3,16 - brothers [drop mic].flac,shift0.5,0.99152,0.89873,05 - (g)Raveyard tools.flac,1
D ref/frag3,17 - No fair (42T).flac,shift0.5,0.99162,0.83568,07 - Reptikon 7.flac,1
D ref/frag3,01 - Allele.flac,shift1.2,0.99772,0.92729,10 - evening narcomnastics [DON’T_POST!].flac,1
D ref/frag3,01 - E.flac,shift1.2,0.99638,0.92315,06 - Lizard Kids.flac,1
D ref/frag3,01 - ITSAME [group hugg].flac,shift1.2,0.99683,0.91617,01 - Allele.flac,1
D ref/frag3,01 - If You Really Love Nothing.flac,shift1.2,0.99786,0.98497,07 - Mountain Child.flac,1
D ref/frag3,01 - Intrus.flac,shift1.2,0.99337,0.79942,01 - E.flac,1
D ref/frag3,02 - Cloud-pine.flac,shift1.2,0.99811,0.85794,06 - Eschaton.flac,1
D ref/frag3,02 - Fwd_ Re_ late (Ref._ karoshi).flac,shift1.2,0.99602,0.90566,13 - tracing Rays [reality glo].flac,1
D ref/frag3,02 - Hare Tarot Lies.flac,shift1.2,0.99551,0.94711,11 - Uhy Yuoi Yoi.flac,1
D ref/frag3,02 - Sun.flac,shift1.2,0.99425,0.9153,05 - Blue Neck Riviera.flac,1
D ref/frag3,02 - The Rover.flac,shift1.2,0.99882,0.98335,04 - Flight of Fancy.flac,1
D ref/frag3,03 - Complications.flac,shift1.2,0.99607,0.9751,02 - The Rover.flac,1
D ref/frag3,03 - Europa (feat. Ania Iwanek).flac,shift1.2,0.99578,0.85636,05 - Blue Neck Riviera.flac,1
D ref/frag3,03 - Prodigy.flac,shift1.2,0.9968,0.97276,09 - Ignored Pets.flac,1
D ref/frag3,03 - Tight Dirt II.flac,shift1.2,0.99735,0.92227,04 - Magical Electronic Crickets.flac,1
D ref/frag3,03 - morning narcomnastics.flac,shift1.2,0.9902,0.86269,10 - evening narcomnastics [DON’T_POST!].flac,1
D ref/frag3,04 - Flight of Fancy.flac,shift1.2,0.9986,0.98254,02 - The Rover.flac,1
D ref/frag3,04 - Magical Electronic Crickets.flac,shift1.2,0.99842,0.91835,03 - Tight Dirt II.flac,1
D ref/frag3,04 - PROVE UR NOT A ROBOT [SKIP].flac,shift1.2,0.9913,0.75506,10 - evening narcomnastics [DON’T_POST!].flac,1
D ref/frag3,04 - Slug Night.flac,shift1.2,0.99832,0.95515,04 - Flight of Fancy.flac,1
D ref/frag3,04 - Ziemia.flac,shift1.2,0.9966,0.85177,08 - a star is bored.flac,1
D ref/frag3,05 - (g)Raveyard tools.flac,shift1.2,0.99751,0.9239,01 - Allele.flac,1
D ref/frag3,05 - Blue Neck Riviera.flac,shift1.2,0.99587,0.9276,02 - Hare Tarot Lies.flac,1
D ref/frag3,05 - Phil K..flac,shift1.2,0.99205,0.78086,07 - Jupiter.flac,1
D ref/frag3,05 - Stay In Touch.flac,shift1.2,0.99694,0.96618,10 - Number 10.flac,1
D ref/frag3,05 - Yambe-Akka III.flac,shift1.2,0.99255,0.9151,01 - Allele.flac,1
D ref/frag3,06 - Eschaton.flac,shift1.2,0.99517,0.92247,05 - Yambe-Akka III.flac,1
D ref/frag3,06 - Interlude 1.flac,shift1.2,0.9948,0.79669,12 - Interlude 2.flac,1
D ref/frag3,06 - Lizard Kids.flac,shift1.2,0.99527,0.96497,09 - Ignored Pets.flac,1
D ref/frag3,06 - Planet Brasil.flac,shift1.2,0.99737,0.90246,02 - Sun.flac,1
D ref/frag3,06 - re_ laps (roll with iD).flac,shift1.2,0.99704,0.90234,02 - Sun.flac,1
D ref/frag3,07 - Jupiter.flac,shift1.2,0.99361,0.84446,02 - Sun.flac,1
D ref/frag3,07 - Lunar Phobia.flac,shift1.2,0.99736,0.91472,05 - Blue Neck Riviera.flac,1
D ref/frag3,07 - Mountain Child.flac,shift1.2,0.99794,0.97939,01 - If You Really Love Nothing.flac,1
D ref/frag3,07 - Reptikon 7.flac,shift1.2,0.99234,0.89202,05 - (g)Raveyard tools.flac,1
D ref/frag3,08 - NYSMAW.flac,shift1.2,0.99794,0.96961,13 - It Probably Matters.flac,1
D ref/frag3,08 - Neptus.flac,shift1.2,0.99551,0.8479,01 - Allele.flac,1
D ref/frag3,08 - Wrack Attack.flac,shift1.2,0.99363,0.95164,03 - Prodigy.flac,1
D ref/frag3,08 - a star is bored.flac,shift1.2,0.99712,0.92104,03 - Tight Dirt II.flac,1
D ref/frag3,09 - Fiasko.flac,shift1.2,0.98793,0.6362,04 - PROVE UR NOT A ROBOT [SKIP].flac,1
D ref/frag3,09 - Ignored Pets.flac,shift1.2,0.99707,0.97109,03 - Prodigy.flac,1
D ref/frag3,09 - PROVE UR NOT A ROWBOAT [SKIPPER].flac,shift1.2,0.99857,0.66741,04 - PROVE UR NOT A ROBOT [SKIP].flac,1
D ref/frag3,09 - Surveillance.flac,shift1.2,0.9967,0.97291,10 - Number 10.flac,1
D ref/frag3,10 - Number 10.flac,shift1.2,0.99563,0.97528,04 - Flight of Fancy.flac,1
D ref/frag3,10 - Pleasure.flac,shift1.2,0.99211,0.83196,03 - Europa (feat. Ania Iwanek).flac,1
D ref/frag3,10 - evening narcomnastics [DON’T_POST!].flac,shift1.2,0.996,0.92685,01 - Allele.flac,1
D ref/frag3,11 - F1 Halo.flac,shift1.2,0.99402,0.81068,03 - morning narcomnastics.flac,1
D ref/frag3,11 - Party's Over.flac,shift1.2,0.99744,0.95805,02 - The Rover.flac,1
D ref/frag3,11 - Uhy Yuoi Yoi.flac,shift1.2,0.99704,0.93293,02 - Hare Tarot Lies.flac,1
D ref/frag3,12 - Interlude 2.flac,shift1.2,0.99679,0.8024,06 - Interlude 1.flac,1
D ref/frag3,12 - consent.flac,shift1.2,0.98956,0.83663,02 - Fwd_ Re_ late (Ref._ karoshi).flac,1
D ref/frag3,13 - It Probably Matters.flac,shift1.2,0.99754,0.96944,08 - NYSMAW.flac,1
D ref/frag3,13 - tracing Rays [reality glo].flac,shift1.2,0.99567,0.88976,02 - Fwd_ Re_ late (Ref._ karoshi).flac,1
D ref/frag3,14 - ad interim.flac,shift1.2,0.99108,0.86076,07 - Reptikon 7.flac,1
D ref/frag3,15 - medal headz [G.B.D.F].flac,shift1.2,0.99512,0.9108,05 - (g)Raveyard tools.flac,1
D ref/frag3,16 - brothers [drop mic].flac,shift1.2,0.99581,0.90447,05 - (g)Raveyard tools.flac,1
D ref/frag3,17 - No fair (42T).flac,shift1.2,0.99523,0.85979,07 - Reptikon 7.flac,1
D ref/frag3,01 - Allele.flac,shift3.0,0.99594,0.92425,10 - evening narcomnastics [DON’T_POST!].flac,1
D ref/frag3,01 - E.flac,shift3.0,0.98949,0.91984,05 - Blue Neck Riviera.flac,1
D ref/frag3,01 - ITSAME [group hugg].flac,shift3.0,0.98722,0.92292,01 - Allele.flac,1
D ref/frag3,01 - If You Really Love Nothing.flac,shift3.0,0.99592,0.97769,07 - Mountain Child.flac,1
D ref/frag3,01 - Intrus.flac,shift3.0,0.99486,0.78554,01 - E.flac,1
D ref/frag3,02 - Cloud-pine.flac,shift3.0,0.9981,0.86459,06 - Eschaton.flac,1
D ref/frag3,02 - Fwd_ Re_ late (Ref._ karoshi).flac,shift3.0,0.99334,0.90223,13 - tracing Rays [reality glo].flac,1
D ref/frag3,02 - Hare Tarot Lies.flac,shift3.0,0.99523,0.94572,11 - Uhy Yuoi Yoi.flac,1
D ref/frag3,02 - Sun.flac,shift3.0,0.99126,0.90486,05 - Blue Neck Riviera.flac,1
D ref/frag3,02 - The Rover.flac,shift3.0,0.99701,0.98135,04 - Flight of Fancy.flac,1
D ref/frag3,03 - Complications.flac,shift3.0,0.99561,0.97798,02 - The Rover.flac,1
D ref/frag3,03 - Europa (feat. Ania Iwanek).flac,shift3.0,0.98616,0.85341,09 - Ignored Pets.flac,1
D ref/frag3,03 - Prodigy.flac,shift3.0,0.98958,0.96562,09 - Ignored Pets.flac,1
D ref/frag3,03 - Tight Dirt II.flac,shift3.0,0.99392,0.92718,04 - Magical Electronic Crickets.flac,1
D ref/frag3,03 - morning narcomnastics.flac,shift3.0,0.99064,0.86313,10 - evening narcomnastics [DON’T_POST!].flac,1
D ref/frag3,04 - Flight of Fancy.flac,shift3.0,0.99775,0.9839,02 - The Rover.flac,1
D ref/frag3,04 - Magical Electronic Crickets.flac,shift3.0,0.99799,0.91995,03 - Tight Dirt II.flac,1
D ref/frag3,04 - PROVE UR NOT A ROBOT [SKIP].flac,shift3.0,0.98968,0.74801,10 - evening narcomnastics [DON’T_POST!].flac,1
D ref/frag3,04 - Slug Night.flac,shift3.0,0.99715,0.94861,04 - Flight of Fancy.flac,1
D ref/frag3,04 - Ziemia.flac,shift3.0,0.99646,0.85547,05 - (g)Raveyard tools.flac,1
D ref/frag3,05 - (g)Raveyard tools.flac,shift3.0,0.99403,0.9239,01 - Allele.flac,1
D ref/frag3,05 - Blue Neck Riviera.flac,shift3.0,0.99005,0.92217,06 - Lizard Kids.flac,1
D ref/frag3,05 - Phil K..flac,shift3.0,0.98276,0.79168,07 - Jupiter.flac,1
D ref/frag3,05 - Stay In Touch.flac,shift3.0,0.99566,0.96602,10 - Number 10.flac,1
D ref/frag3,05 - Yambe-Akka III.flac,shift3.0,0.99306,0.92127,01 - Allele.flac,1
D ref/frag3,06 - Eschaton.flac,shift3.0,0.99366,0.92336,05 - Yambe-Akka III.flac,1
D ref/frag3,06 - Interlude 1.flac,shift3.0,0.99274,0.81083,12 - Interlude 2.flac,1
D ref/frag3,06 - Lizard Kids.flac,shift3.0,0.99656,0.96538,09 - Ignored Pets.flac,1
D ref/frag3,06 - Planet Brasil.flac,shift3.0,0.9964,0.90182,02 - Sun.flac,1
D ref/frag3,06 - re_ laps (roll with iD).flac,shift3.0,0.9944,0.89501,02 - Sun.flac,1
D ref/frag3,07 - Jupiter.flac,shift3.0,0.99727,0.83999,02 - Sun.flac,1
D ref/frag3,07 - Lunar Phobia.flac,shift3.0,0.99381,0.91452,05 - Blue Neck Riviera.flac,1
D ref/frag3,07 - Mountain Child.flac,shift3.0,0.9974,0.98156,01 - If You Really Love Nothing.flac,1
D ref/frag3,07 - Reptikon 7.flac,shift3.0,0.99079,0.88504,15 - medal headz [G.B.D.F].flac,1
D ref/frag3,08 - NYSMAW.flac,shift3.0,0.99741,0.96846,13 - It Probably Matters.flac,1
D ref/frag3,08 - Neptus.flac,shift3.0,0.99483,0.85075,01 - Allele.flac,1
D ref/frag3,08 - Wrack Attack.flac,shift3.0,0.98083,0.94592,03 - Prodigy.flac,1
D ref/frag3,08 - a star is bored.flac,shift3.0,0.99619,0.91525,03 - Tight Dirt II.flac,1
D ref/frag3,09 - Fiasko.flac,shift3.0,0.98685,0.62012,04 - PROVE UR NOT A ROBOT [SKIP].flac,1
D ref/frag3,09 - Ignored Pets.flac,shift3.0,0.99394,0.97411,06 - Lizard Kids.flac,1
D ref/frag3,09 - PROVE UR NOT A ROWBOAT [SKIPPER].flac,shift3.0,0.99463,0.67674,04 - PROVE UR NOT A ROBOT [SKIP].flac,1
D ref/frag3,09 - Surveillance.flac,shift3.0,0.99703,0.97944,10 - Number 10.flac,1
D ref/frag3,10 - Number 10.flac,shift3.0,0.99364,0.9722,04 - Flight of Fancy.flac,1
D ref/frag3,10 - Pleasure.flac,shift3.0,0.98745,0.83037,03 - Europa (feat. Ania Iwanek).flac,1
D ref/frag3,10 - evening narcomnastics [DON’T_POST!].flac,shift3.0,0.99258,0.93034,01 - Allele.flac,1
D ref/frag3,11 - F1 Halo.flac,shift3.0,0.99232,0.80576,03 - morning narcomnastics.flac,1
D ref/frag3,11 - Party's Over.flac,shift3.0,0.99636,0.95638,02 - The Rover.flac,1
D ref/frag3,11 - Uhy Yuoi Yoi.flac,shift3.0,0.9962,0.93773,02 - Hare Tarot Lies.flac,1
D ref/frag3,12 - Interlude 2.flac,shift3.0,0.98922,0.83746,06 - Interlude 1.flac,1
D ref/frag3,12 - consent.flac,shift3.0,0.98645,0.82762,02 - Fwd_ Re_ late (Ref._ karoshi).flac,1
D ref/frag3,13 - It Probably Matters.flac,shift3.0,0.99437,0.97174,08 - NYSMAW.flac,1
D ref/frag3,13 - tracing Rays [reality glo].flac,shift3.0,0.99509,0.88579,10 - evening narcomnastics [DON’T_POST!].flac,1
D ref/frag3,14 - ad interim.flac,shift3.0,0.99067,0.84656,07 - Reptikon 7.flac,1
D ref/frag3,15 - medal headz [G.B.D.F].flac,shift3.0,0.99464,0.90113,05 - (g)Raveyard tools.flac,1
D ref/frag3,16 - brothers [drop mic].flac,shift3.0,0.99096,0.89131,05 - (g)Raveyard tools.flac,1
D ref/frag3,17 - No fair (42T).flac,shift3.0,0.98772,0.8322,07 - Reptikon 7.flac,1
D ref/frag3,01 - Allele.flac,shift5.0,0.99165,0.91823,05 - Yambe-Akka III.flac,1
D ref/frag3,01 - E.flac,shift5.0,0.99699,0.92986,06 - Lizard Kids.flac,1
D ref/frag3,01 - ITSAME [group hugg].flac,shift5.0,0.99063,0.92736,01 - Allele.flac,1
D ref/frag3,01 - If You Really Love Nothing.flac,shift5.0,0.99714,0.98394,07 - Mountain Child.flac,1
D ref/frag3,01 - Intrus.flac,shift5.0,0.99423,0.76728,01 - E.flac,1
D ref/frag3,02 - Cloud-pine.flac,shift5.0,0.99695,0.86385,06 - Eschaton.flac,1
D ref/frag3,02 - Fwd_ Re_ late (Ref._ karoshi).flac,shift5.0,0.9948,0.9052,13 - tracing Rays [reality glo].flac,1
D ref/frag3,02 - Hare Tarot Lies.flac,shift5.0,0.99414,0.95109,11 - Uhy Yuoi Yoi.flac,1
D ref/frag3,02 - Sun.flac,shift5.0,0.9965,0.90858,05 - Blue Neck Riviera.flac,1
D ref/frag3,02 - The Rover.flac,shift5.0,0.99678,0.97805,04 - Flight of Fancy.flac,1
D ref/frag3,03 - Complications.flac,shift5.0,0.9969,0.97518,07 - Mountain Child.flac,1
D ref/frag3,03 - Europa (feat. Ania Iwanek).flac,shift5.0,0.9812,0.8549,09 - Ignored Pets.flac,1
D ref/frag3,03 - Prodigy.flac,shift5.0,0.99662,0.95698,09 - Ignored Pets.flac,1
D ref/frag3,03 - Tight Dirt II.flac,shift5.0,0.99332,0.91948,04 - Magical Electronic Crickets.flac,1
D ref/frag3,03 - morning narcomnastics.flac,shift5.0,0.97329,0.85518,10 - evening narcomnastics [DON’T_POST!].flac,1
D ref/frag3,04 - Flight of Fancy.flac,shift5.0,0.99792,0.9836,02 - The Rover.flac,1
D ref/frag3,04 - Magical Electronic Crickets.flac,shift5.0,0.99723,0.91579,03 - Tight Dirt II.flac,1
D ref/frag3,04 - PROVE UR NOT A ROBOT [SKIP].flac,shift5.0,0.99322,0.7714,10 - evening narcomnastics [DON’T_POST!].flac,1
D ref/frag3,04 - Slug Night.flac,shift5.0,0.99699,0.95327,04 - Flight of Fancy.flac,1
D ref/frag3,04 - Ziemia.flac,shift5.0,0.99588,0.86554,05 - (g)Raveyard tools.flac,1
D ref/frag3,05 - (g)Raveyard tools.flac,shift5.0,0.99532,0.91986,01 - Allele.flac,1
D ref/frag3,05 - Blue Neck Riviera.flac,shift5.0,0.99057,0.93721,06 - Lizard Kids.flac,1
D ref/frag3,05 - Phil K..flac,shift5.0,0.97533,0.81822,07 - Jupiter.flac,1
D ref/frag3,05 - Stay In Touch.flac,shift5.0,0.99708,0.9636,10 - Number 10.flac,1
D ref/frag3,05 - Yambe-Akka III.flac,shift5.0,0.99386,0.92083,06 - Eschaton.flac,1
D ref/frag3,06 - Eschaton.flac,shift5.0,0.99322,0.93553,05 - Yambe-Akka III.flac,1
D ref/frag3,06 - Interlude 1.flac,shift5.0,0.99202,0.80444,12 - Interlude 2.flac,1
D ref/frag3,06 - Lizard Kids.flac,shift5.0,0.99488,0.96387,09 - Ignored Pets.flac,1
D ref/frag3,06 - Planet Brasil.flac,shift5.0,0.99748,0.90461,02 - Sun.flac,1
D ref/frag3,06 - re_ laps (roll with iD).flac,shift5.0,0.99293,0.89944,13 - tracing Rays [reality glo].flac,1
D ref/frag3,07 - Jupiter.flac,shift5.0,0.99791,0.82529,02 - Sun.flac,1
D ref/frag3,07 - Lunar Phobia.flac,shift5.0,0.99405,0.91614,05 - Blue Neck Riviera.flac,1
D ref/frag3,07 - Mountain Child.flac,shift5.0,0.99724,0.98613,01 - If You Really Love Nothing.flac,1
D ref/frag3,07 - Reptikon 7.flac,shift5.0,0.99025,0.87082,05 - (g)Raveyard tools.flac,1
D ref/frag3,08 - NYSMAW.flac,shift5.0,0.99664,0.96888,13 - It Probably Matters.flac,1
D ref/frag3,08 - Neptus.flac,shift5.0,0.99515,0.84761,01 - Allele.flac,1
D ref/frag3,08 - Wrack Attack.flac,shift5.0,0.99414,0.96252,03 - Prodigy.flac,1
D ref/frag3,08 - a star is bored.flac,shift5.0,0.99671,0.90874,03 - Tight Dirt II.flac,1
D ref/frag3,09 - Fiasko.flac,shift5.0,0.98322,0.63334,04 - PROVE UR NOT A ROBOT [SKIP].flac,1
D ref/frag3,09 - Ignored Pets.flac,shift5.0,0.99434,0.97036,06 - Lizard Kids.flac,1
D ref/frag3,09 - PROVE UR NOT A ROWBOAT [SKIPPER].flac,shift5.0,0.99177,0.67643,04 - PROVE UR NOT A ROBOT [SKIP].flac,1
D ref/frag3,09 - Surveillance.flac,shift5.0,0.99712,0.97772,10 - Number 10.flac,1
D ref/frag3,10 - Number 10.flac,shift5.0,0.99111,0.97228,05 - Stay In Touch.flac,1
D ref/frag3,10 - Pleasure.flac,shift5.0,0.98793,0.82575,03 - Europa (feat. Ania Iwanek).flac,1
D ref/frag3,10 - evening narcomnastics [DON’T_POST!].flac,shift5.0,0.99126,0.92168,01 - Allele.flac,1
D ref/frag3,11 - F1 Halo.flac,shift5.0,0.99156,0.80839,03 - morning narcomnastics.flac,1
D ref/frag3,11 - Party's Over.flac,shift5.0,0.9965,0.96477,02 - The Rover.flac,1
D ref/frag3,11 - Uhy Yuoi Yoi.flac,shift5.0,0.99721,0.94687,02 - Hare Tarot Lies.flac,1
D ref/frag3,12 - Interlude 2.flac,shift5.0,0.98992,0.84019,06 - Interlude 1.flac,1
D ref/frag3,12 - consent.flac,shift5.0,0.97917,0.82547,02 - Fwd_ Re_ late (Ref._ karoshi).flac,1
D ref/frag3,13 - It Probably Matters.flac,shift5.0,0.99648,0.9723,08 - NYSMAW.flac,1
D ref/frag3,13 - tracing Rays [reality glo].flac,shift5.0,0.9965,0.89704,02 - Fwd_ Re_ late (Ref._ karoshi).flac,1
D ref/frag3,14 - ad interim.flac,shift5.0,0.98884,0.8546,07 - Reptikon 7.flac,1
D ref/frag3,15 - medal headz [G.B.D.F].flac,shift5.0,0.99413,0.91143,05 - (g)Raveyard tools.flac,1
D ref/frag3,16 - brothers [drop mic].flac,shift5.0,0.9953,0.9066,05 - (g)Raveyard tools.flac,1
D ref/frag3,17 - No fair (42T).flac,shift5.0,0.99138,0.84243,15 - medal headz [G.B.D.F].flac,1
D ref/frag3,01 - Allele.flac,mp3_320k,0.99994,0.92386,10 - evening narcomnastics [DON’T_POST!].flac,1
D ref/frag3,01 - E.flac,mp3_320k,0.99992,0.92617,06 - Lizard Kids.flac,1
D ref/frag3,01 - ITSAME [group hugg].flac,mp3_320k,0.99991,0.91101,01 - Allele.flac,1
D ref/frag3,01 - If You Really Love Nothing.flac,mp3_320k,0.99996,0.98186,07 - Mountain Child.flac,1
D ref/frag3,01 - Intrus.flac,mp3_320k,0.99942,0.79267,01 - E.flac,1
D ref/frag3,02 - Cloud-pine.flac,mp3_320k,0.99993,0.86164,06 - Eschaton.flac,1
D ref/frag3,02 - Fwd_ Re_ late (Ref._ karoshi).flac,mp3_320k,0.99995,0.89876,13 - tracing Rays [reality glo].flac,1
D ref/frag3,02 - Hare Tarot Lies.flac,mp3_320k,0.99996,0.94409,11 - Uhy Yuoi Yoi.flac,1
D ref/frag3,02 - Sun.flac,mp3_320k,0.99994,0.90818,05 - Blue Neck Riviera.flac,1
D ref/frag3,02 - The Rover.flac,mp3_320k,0.99997,0.98417,04 - Flight of Fancy.flac,1
D ref/frag3,03 - Complications.flac,mp3_320k,0.99995,0.97841,04 - Flight of Fancy.flac,1
D ref/frag3,03 - Europa (feat. Ania Iwanek).flac,mp3_320k,0.99996,0.85246,05 - Blue Neck Riviera.flac,1
D ref/frag3,03 - Prodigy.flac,mp3_320k,0.99996,0.96948,09 - Ignored Pets.flac,1
D ref/frag3,03 - Tight Dirt II.flac,mp3_320k,0.99994,0.91854,04 - Magical Electronic Crickets.flac,1
D ref/frag3,03 - morning narcomnastics.flac,mp3_320k,0.9999,0.863,10 - evening narcomnastics [DON’T_POST!].flac,1
D ref/frag3,04 - Flight of Fancy.flac,mp3_320k,0.99997,0.98395,02 - The Rover.flac,1
D ref/frag3,04 - Magical Electronic Crickets.flac,mp3_320k,0.99994,0.91703,03 - Tight Dirt II.flac,1
D ref/frag3,04 - PROVE UR NOT A ROBOT [SKIP].flac,mp3_320k,0.99995,0.76148,10 - evening narcomnastics [DON’T_POST!].flac,1
D ref/frag3,04 - Slug Night.flac,mp3_320k,0.99999,0.95458,04 - Flight of Fancy.flac,1
D ref/frag3,04 - Ziemia.flac,mp3_320k,0.99997,0.86798,01 - ITSAME [group hugg].flac,1
D ref/frag3,05 - (g)Raveyard tools.flac,mp3_320k,0.99987,0.92089,01 - Allele.flac,1
D ref/frag3,05 - Blue Neck Riviera.flac,mp3_320k,0.99997,0.9287,02 - Hare Tarot Lies.flac,1
D ref/frag3,05 - Phil K..flac,mp3_320k,0.99985,0.76407,07 - Jupiter.flac,1
D ref/frag3,05 - Stay In Touch.flac,mp3_320k,0.99994,0.97051,10 - Number 10.flac,1
D ref/frag3,05 - Yambe-Akka III.flac,mp3_320k,0.99994,0.92557,06 - Eschaton.flac,1
D ref/frag3,06 - Eschaton.flac,mp3_320k,0.99995,0.92541,05 - Yambe-Akka III.flac,1
D ref/frag3,06 - Interlude 1.flac,mp3_320k,0.92796,0.83834,12 - Interlude 2.flac,1
D ref/frag3,06 - Lizard Kids.flac,mp3_320k,0.99999,0.96296,09 - Ignored Pets.flac,1
D ref/frag3,06 - Planet Brasil.flac,mp3_320k,0.99993,0.90438,02 - Sun.flac,1
D ref/frag3,06 - re_ laps (roll with iD).flac,mp3_320k,0.9999,0.89806,02 - Sun.flac,1
D ref/frag3,07 - Jupiter.flac,mp3_320k,0.99994,0.82212,02 - Sun.flac,1
D ref/frag3,07 - Lunar Phobia.flac,mp3_320k,0.99994,0.90698,05 - Blue Neck Riviera.flac,1
D ref/frag3,07 - Mountain Child.flac,mp3_320k,0.99998,0.98213,01 - If You Really Love Nothing.flac,1
D ref/frag3,07 - Reptikon 7.flac,mp3_320k,0.99995,0.88306,05 - (g)Raveyard tools.flac,1
D ref/frag3,08 - NYSMAW.flac,mp3_320k,0.99998,0.96989,13 - It Probably Matters.flac,1
D ref/frag3,08 - Neptus.flac,mp3_320k,0.99993,0.83761,01 - Allele.flac,1
D ref/frag3,08 - Wrack Attack.flac,mp3_320k,0.99993,0.94994,03 - Prodigy.flac,1
D ref/frag3,08 - a star is bored.flac,mp3_320k,0.99996,0.915,03 - Tight Dirt II.flac,1
D ref/frag3,09 - Fiasko.flac,mp3_320k,0.9994,0.61117,04 - PROVE UR NOT A ROBOT [SKIP].flac,1
D ref/frag3,09 - Ignored Pets.flac,mp3_320k,0.99997,0.96863,03 - Prodigy.flac,1
D ref/frag3,09 - PROVE UR NOT A ROWBOAT [SKIPPER].flac,mp3_320k,0.99996,0.66128,04 - PROVE UR NOT A ROBOT [SKIP].flac,1
D ref/frag3,09 - Surveillance.flac,mp3_320k,0.99998,0.97348,10 - Number 10.flac,1
D ref/frag3,10 - Number 10.flac,mp3_320k,0.99997,0.97511,04 - Flight of Fancy.flac,1
D ref/frag3,10 - Pleasure.flac,mp3_320k,0.99997,0.84284,03 - Europa (feat. Ania Iwanek).flac,1
D ref/frag3,10 - evening narcomnastics [DON’T_POST!].flac,mp3_320k,0.99977,0.9263,01 - Allele.flac,1
D ref/frag3,11 - F1 Halo.flac,mp3_320k,0.99975,0.79833,03 - morning narcomnastics.flac,1
D ref/frag3,11 - Party's Over.flac,mp3_320k,0.99999,0.96511,02 - The Rover.flac,1
D ref/frag3,11 - Uhy Yuoi Yoi.flac,mp3_320k,0.99997,0.94308,02 - Hare Tarot Lies.flac,1
D ref/frag3,12 - Interlude 2.flac,mp3_320k,0.9857,0.74225,06 - Interlude 1.flac,1
D ref/frag3,12 - consent.flac,mp3_320k,0.99983,0.85864,02 - Fwd_ Re_ late (Ref._ karoshi).flac,1
D ref/frag3,13 - It Probably Matters.flac,mp3_320k,0.99992,0.97013,08 - NYSMAW.flac,1
D ref/frag3,13 - tracing Rays [reality glo].flac,mp3_320k,0.99995,0.89579,02 - Fwd_ Re_ late (Ref._ karoshi).flac,1
D ref/frag3,14 - ad interim.flac,mp3_320k,0.99998,0.85536,07 - Reptikon 7.flac,1
D ref/frag3,15 - medal headz [G.B.D.F].flac,mp3_320k,0.99981,0.90195,05 - (g)Raveyard tools.flac,1
D ref/frag3,16 - brothers [drop mic].flac,mp3_320k,0.99994,0.90718,05 - (g)Raveyard tools.flac,1
D ref/frag3,17 - No fair (42T).flac,mp3_320k,0.99986,0.86419,07 - Reptikon 7.flac,1
D ref/frag3,01 - Allele.flac,mp3_128k,0.93834,0.88835,01 - ITSAME [group hugg].flac,1
D ref/frag3,01 - E.flac,mp3_128k,0.98393,0.90105,06 - Lizard Kids.flac,1
D ref/frag3,01 - ITSAME [group hugg].flac,mp3_128k,0.95085,0.84838,13 - tracing Rays [reality glo].flac,1
D ref/frag3,01 - If You Really Love Nothing.flac,mp3_128k,0.97444,0.96056,08 - NYSMAW.flac,1
D ref/frag3,01 - Intrus.flac,mp3_128k,0.93818,0.75312,01 - E.flac,1
D ref/frag3,02 - Cloud-pine.flac,mp3_128k,0.92043,0.80872,06 - Eschaton.flac,1
D ref/frag3,02 - Fwd_ Re_ late (Ref._ karoshi).flac,mp3_128k,0.84208,0.80913,13 - tracing Rays [reality glo].flac,1
D ref/frag3,02 - Hare Tarot Lies.flac,mp3_128k,0.98014,0.94592,11 - Uhy Yuoi Yoi.flac,1
D ref/frag3,02 - Sun.flac,mp3_128k,0.94344,0.90043,05 - Blue Neck Riviera.flac,1
D ref/frag3,02 - The Rover.flac,mp3_128k,0.99225,0.97718,04 - Flight of Fancy.flac,1
D ref/frag3,03 - Complications.flac,mp3_128k,0.96802,0.95604,04 - Flight of Fancy.flac,1
D ref/frag3,03 - Europa (feat. Ania Iwanek).flac,mp3_128k,0.96206,0.86929,09 - Ignored Pets.flac,1
D ref/frag3,03 - Prodigy.flac,mp3_128k,0.98976,0.95858,09 - Ignored Pets.flac,1
D ref/frag3,03 - Tight Dirt II.flac,mp3_128k,0.92167,0.87051,01 - ITSAME [group hugg].flac,1
D ref/frag3,03 - morning narcomnastics.flac,mp3_128k,0.87994,0.85479,13 - tracing Rays [reality glo].flac,1
D ref/frag3,04 - Flight of Fancy.flac,mp3_128k,0.9873,0.97086,02 - The Rover.flac,1
D ref/frag3,04 - Magical Electronic Crickets.flac,mp3_128k,0.8536,0.79801,06 - Eschaton.flac,1
D ref/frag3,04 - PROVE UR NOT A ROBOT [SKIP].flac,mp3_128k,0.98576,0.75491,13 - tracing Rays [reality glo].flac,1
D ref/frag3,04 - Slug Night.flac,mp3_128k,0.98582,0.95377,04 - Flight of Fancy.flac,1
D ref/frag3,04 - Ziemia.flac,mp3_128k,0.93716,0.83119,01 - ITSAME [group hugg].flac,1
D ref/frag3,05 - (g)Raveyard tools.flac,mp3_128k,0.87235,0.82195,16 - brothers [drop mic].flac,1
D ref/frag3,05 - Blue Neck Riviera.flac,mp3_128k,0.98427,0.93609,02 - Hare Tarot Lies.flac,1
D ref/frag3,05 - Phil K..flac,mp3_128k,0.92761,0.69031,07 - Jupiter.flac,1
D ref/frag3,05 - Stay In Touch.flac,mp3_128k,0.96859,0.94789,09 - Surveillance.flac,1
D ref/frag3,05 - Yambe-Akka III.flac,mp3_128k,0.93384,0.8806,06 - Eschaton.flac,1
D ref/frag3,06 - Eschaton.flac,mp3_128k,0.90902,0.83117,05 - Yambe-Akka III.flac,1
D ref/frag3,06 - Interlude 1.flac,mp3_128k,0.78013,0.80517,12 - Interlude 2.flac,0
D ref/frag3,06 - Lizard Kids.flac,mp3_128k,0.9894,0.95772,09 - Ignored Pets.flac,1
D ref/frag3,06 - Planet Brasil.flac,mp3_128k,0.90982,0.80397,06 - re_ laps (roll with iD).flac,1
D ref/frag3,06 - re_ laps (roll with iD).flac,mp3_128k,0.94818,0.8554,13 - tracing Rays [reality glo].flac,1
D ref/frag3,07 - Jupiter.flac,mp3_128k,0.95314,0.76737,02 - Cloud-pine.flac,1
D ref/frag3,07 - Lunar Phobia.flac,mp3_128k,0.95262,0.88435,05 - Blue Neck Riviera.flac,1
D ref/frag3,07 - Mountain Child.flac,mp3_128k,0.97297,0.96057,10 - Number 10.flac,1
D ref/frag3,07 - Reptikon 7.flac,mp3_128k,0.91146,0.81561,13 - tracing Rays [reality glo].flac,1
D ref/frag3,08 - NYSMAW.flac,mp3_128k,0.98998,0.95631,13 - It Probably Matters.flac,1
D ref/frag3,08 - Neptus.flac,mp3_128k,0.91966,0.76634,01 - Allele.flac,1
D ref/frag3,08 - Wrack Attack.flac,mp3_128k,0.98398,0.93081,03 - Prodigy.flac,1
D ref/frag3,08 - a star is bored.flac,mp3_128k,0.86681,0.85359,01 - ITSAME [group hugg].flac,1
D ref/frag3,09 - Fiasko.flac,mp3_128k,0.90999,0.56566,04 - PROVE UR NOT A ROBOT [SKIP].flac,1
D ref/frag3,09 - Ignored Pets.flac,mp3_128k,0.98432,0.9606,03 - Prodigy.flac,1
D ref/frag3,09 - PROVE UR NOT A ROWBOAT [SKIPPER].flac,mp3_128k,0.87474,0.68965,04 - PROVE UR NOT A ROBOT [SKIP].flac,1
D ref/frag3,09 - Surveillance.flac,mp3_128k,0.99243,0.96302,10 - Number 10.flac,1
D ref/frag3,10 - Number 10.flac,mp3_128k,0.98115,0.96452,09 - Surveillance.flac,1
D ref/frag3,10 - Pleasure.flac,mp3_128k,0.87776,0.76274,08 - Wrack Attack.flac,1
D ref/frag3,10 - evening narcomnastics [DON’T_POST!].flac,mp3_128k,0.91547,0.89099,13 - tracing Rays [reality glo].flac,1
D ref/frag3,11 - F1 Halo.flac,mp3_128k,0.8775,0.74463,03 - morning narcomnastics.flac,1
D ref/frag3,11 - Party's Over.flac,mp3_128k,0.97786,0.95089,02 - The Rover.flac,1
D ref/frag3,11 - Uhy Yuoi Yoi.flac,mp3_128k,0.96353,0.90899,02 - Hare Tarot Lies.flac,1
D ref/frag3,12 - Interlude 2.flac,mp3_128k,0.86419,0.59813,06 - Interlude 1.flac,1
D ref/frag3,12 - consent.flac,mp3_128k,0.82969,0.75797,13 - tracing Rays [reality glo].flac,1
D ref/frag3,13 - It Probably Matters.flac,mp3_128k,0.97731,0.95824,08 - NYSMAW.flac,1
D ref/frag3,13 - tracing Rays [reality glo].flac,mp3_128k,0.94112,0.839,01 - ITSAME [group hugg].flac,1
D ref/frag3,14 - ad interim.flac,mp3_128k,0.95383,0.80542,07 - Reptikon 7.flac,1
D ref/frag3,15 - medal headz [G.B.D.F].flac,mp3_128k,0.87408,0.84095,01 - ITSAME [group hugg].flac,1
D ref/frag3,16 - brothers [drop mic].flac,mp3_128k,0.8451,0.78323,13 - tracing Rays [reality glo].flac,1
D ref/frag3,17 - No fair (42T).flac,mp3_128k,0.88068,0.84508,07 - Reptikon 7.flac,1
E ref/mid10,01 - Allele.flac,shift0.5,0.98838,0.88921,04 - Magical Electronic Crickets.flac,1
E ref/mid10,01 - E.flac,shift0.5,0.9919,0.92138,04 - Slug Night.flac,1
E ref/mid10,01 - ITSAME [group hugg].flac,shift0.5,0.99089,0.89721,13 - tracing Rays [reality glo].flac,1
E ref/mid10,01 - If You Really Love Nothing.flac,shift0.5,0.99287,0.96879,07 - Mountain Child.flac,1
E ref/mid10,01 - Intrus.flac,shift0.5,0.98419,0.74162,08 - Neptus.flac,1
E ref/mid10,02 - Cloud-pine.flac,shift0.5,0.99084,0.84282,02 - Sun.flac,1
E ref/mid10,02 - Fwd_ Re_ late (Ref._ karoshi).flac,shift0.5,0.99136,0.86527,08 - a star is bored.flac,1
E ref/mid10,02 - Hare Tarot Lies.flac,shift0.5,0.99477,0.94639,06 - Lizard Kids.flac,1
E ref/mid10,02 - Sun.flac,shift0.5,0.98846,0.88194,03 - Europa (feat. Ania Iwanek).flac,1
E ref/mid10,02 - The Rover.flac,shift0.5,0.99611,0.9549,07 - Mountain Child.flac,1
E ref/mid10,03 - Complications.flac,shift0.5,0.98938,0.96922,07 - Mountain Child.flac,1
E ref/mid10,03 - Europa (feat. Ania Iwanek).flac,shift0.5,0.98508,0.89557,02 - Sun.flac,1
E ref/mid10,03 - Prodigy.flac,shift0.5,0.98439,0.89446,07 - Lunar Phobia.flac,1
E ref/mid10,03 - Tight Dirt II.flac,shift0.5,0.98904,0.9003,04 - Magical Electronic Crickets.flac,1
E ref/mid10,03 - morning narcomnastics.flac,shift0.5,0.98982,0.86547,16 - brothers [drop mic].flac,1
E ref/mid10,04 - Flight of Fancy.flac,shift0.5,0.99489,0.9856,07 - Mountain Child.flac,1
E ref/mid10,04 - Magical Electronic Crickets.flac,shift0.5,0.99506,0.89605,03 - Tight Dirt II.flac,1
E ref/mid10,04 - PROVE UR NOT A ROBOT [SKIP].flac,shift0.5,0.98589,0.70207,07 - Lunar Phobia.flac,1
E ref/mid10,04 - Slug Night.flac,shift0.5,0.99112,0.95169,09 - Ignored Pets.flac,1
E ref/mid10,04 - Ziemia.flac,shift0.5,0.99569,0.87462,16 - brothers [drop mic].flac,1
E ref/mid10,05 - (g)Raveyard tools.flac,shift0.5,0.99385,0.89097,03 - Tight Dirt II.flac,1
E ref/mid10,05 - Blue Neck Riviera.flac,shift0.5,0.97283,0.87124,02 - Hare Tarot Lies.flac,1
E ref/mid10,05 - Phil K..flac,shift0.5,0.98442,0.76658,02 - Sun.flac,1
E ref/mid10,05 - Stay In Touch.flac,shift0.5,0.99392,0.938,09 - Surveillance.flac,1
E ref/mid10,05 - Yambe-Akka III.flac,shift0.5,0.99177,0.87095,10 - evening narcomnastics [DON’T_POST!].flac,1
E ref/mid10,06 - Eschaton.flac,shift0.5,0.98132,0.8474,08 - a star is bored.flac,1
E ref/mid10,06 - Interlude 1.flac,shift0.5,0.9796,0.80003,12 - Interlude 2.flac,1
E ref/mid10,06 - Lizard Kids.flac,shift0.5,0.99381,0.96492,09 - Ignored Pets.flac,1
E ref/mid10,06 - Planet Brasil.flac,shift0.5,0.99203,0.82531,06 - Eschaton.flac,1
E ref/mid10,06 - re_ laps (roll with iD).flac,shift0.5,0.98291,0.89151,16 - brothers [drop mic].flac,1
E ref/mid10,07 - Jupiter.flac,shift0.5,0.97737,0.85966,02 - Sun.flac,1
E ref/mid10,07 - Lunar Phobia.flac,shift0.5,0.98009,0.90593,06 - Lizard Kids.flac,1
E ref/mid10,07 - Mountain Child.flac,shift0.5,0.99058,0.97652,04 - Flight of Fancy.flac,1
E ref/mid10,07 - Reptikon 7.flac,shift0.5,0.99178,0.89435,01 - ITSAME [group hugg].flac,1
E ref/mid10,08 - NYSMAW.flac,shift0.5,0.99072,0.95666,09 - Surveillance.flac,1
E ref/mid10,08 - Neptus.flac,shift0.5,0.9925,0.84282,05 - (g)Raveyard tools.flac,1
E ref/mid10,08 - Wrack Attack.flac,shift0.5,0.97829,0.92504,02 - Hare Tarot Lies.flac,1
E ref/mid10,08 - a star is bored.flac,shift0.5,0.99094,0.89916,01 - ITSAME [group hugg].flac,1
E ref/mid10,09 - Fiasko.flac,shift0.5,0.97422,0.71855,04 - PROVE UR NOT A ROBOT [SKIP].flac,1
E ref/mid10,09 - Ignored Pets.flac,shift0.5,0.98924,0.96012,04 - Slug Night.flac,1
E ref/mid10,09 - PROVE UR NOT A ROWBOAT [SKIPPER].flac,shift0.5,0.98771,0.60754,04 - PROVE UR NOT A ROBOT [SKIP].flac,1
E ref/mid10,09 - Surveillance.flac,shift0.5,0.98557,0.95561,04 - Flight of Fancy.flac,1
E ref/mid10,10 - Number 10.flac,shift0.5,0.9926,0.96893,09 - Surveillance.flac,1
E ref/mid10,10 - Pleasure.flac,shift0.5,0.98865,0.84072,16 - brothers [drop mic].flac,1
E ref/mid10,10 - evening narcomnastics [DON’T_POST!].flac,shift0.5,0.99472,0.89725,05 - Yambe-Akka III.flac,1
E ref/mid10,11 - F1 Halo.flac,shift0.5,0.98554,0.65564,03 - morning narcomnastics.flac,1
E ref/mid10,11 - Party's Over.flac,shift0.5,0.99379,0.93233,03 - Complications.flac,1
E ref/mid10,11 - Uhy Yuoi Yoi.flac,shift0.5,0.98404,0.92546,02 - Hare Tarot Lies.flac,1
E ref/mid10,12 - Interlude 2.flac,shift0.5,0.98642,0.80133,06 - Interlude 1.flac,1
E ref/mid10,12 - consent.flac,shift0.5,0.98711,0.80009,01 - Allele.flac,1
E ref/mid10,13 - It Probably Matters.flac,shift0.5,0.97818,0.95193,09 - Surveillance.flac,1
E ref/mid10,13 - tracing Rays [reality glo].flac,shift0.5,0.98775,0.89548,01 - ITSAME [group hugg].flac,1
E ref/mid10,14 - ad interim.flac,shift0.5,0.97386,0.67761,03 - Prodigy.flac,1
E ref/mid10,15 - medal headz [G.B.D.F].flac,shift0.5,0.98609,0.86851,01 - ITSAME [group hugg].flac,1
E ref/mid10,16 - brothers [drop mic].flac,shift0.5,0.98598,0.87666,02 - Fwd_ Re_ late (Ref._ karoshi).flac,1
E ref/mid10,17 - No fair (42T).flac,shift0.5,0.98091,0.81552,07 - Reptikon 7.flac,1
E ref/mid10,01 - Allele.flac,shift1.2,0.98717,0.89599,04 - Magical Electronic Crickets.flac,1
E ref/mid10,01 - E.flac,shift1.2,0.98816,0.91543,04 - Slug Night.flac,1
E ref/mid10,01 - ITSAME [group hugg].flac,shift1.2,0.98834,0.88682,13 - tracing Rays [reality glo].flac,1
E ref/mid10,01 - If You Really Love Nothing.flac,shift1.2,0.99422,0.96404,07 - Mountain Child.flac,1
E ref/mid10,01 - Intrus.flac,shift1.2,0.98594,0.76457,08 - Neptus.flac,1
E ref/mid10,02 - Cloud-pine.flac,shift1.2,0.99276,0.84666,02 - Sun.flac,1
E ref/mid10,02 - Fwd_ Re_ late (Ref._ karoshi).flac,shift1.2,0.98958,0.86321,08 - a star is bored.flac,1
E ref/mid10,02 - Hare Tarot Lies.flac,shift1.2,0.99358,0.94456,06 - Lizard Kids.flac,1
E ref/mid10,02 - Sun.flac,shift1.2,0.99266,0.86843,03 - Europa (feat. Ania Iwanek).flac,1
E ref/mid10,02 - The Rover.flac,shift1.2,0.99703,0.95952,07 - Mountain Child.flac,1
E ref/mid10,03 - Complications.flac,shift1.2,0.99453,0.9703,04 - Flight of Fancy.flac,1
E ref/mid10,03 - Europa (feat. Ania Iwanek).flac,shift1.2,0.99001,0.87935,05 - Blue Neck Riviera.flac,1
E ref/mid10,03 - Prodigy.flac,shift1.2,0.98787,0.91819,09 - Ignored Pets.flac,1
E ref/mid10,03 - Tight Dirt II.flac,shift1.2,0.99163,0.90389,08 - a star is bored.flac,1
E ref/mid10,03 - morning narcomnastics.flac,shift1.2,0.99193,0.86103,02 - Fwd_ Re_ late (Ref._ karoshi).flac,1
E ref/mid10,04 - Flight of Fancy.flac,shift1.2,0.99484,0.98721,07 - Mountain Child.flac,1
E ref/mid10,04 - Magical Electronic Crickets.flac,shift1.2,0.99286,0.88892,03 - Tight Dirt II.flac,1
E ref/mid10,04 - PROVE UR NOT A ROBOT [SKIP].flac,shift1.2,0.95318,0.72214,05 - Blue Neck Riviera.flac,1
E ref/mid10,04 - Slug Night.flac,shift1.2,0.98893,0.93598,04 - Flight of Fancy.flac,1
E ref/mid10,04 - Ziemia.flac,shift1.2,0.99335,0.88178,16 - brothers [drop mic].flac,1
E ref/mid10,05 - (g)Raveyard tools.flac,shift1.2,0.99341,0.89446,03 - Tight Dirt II.flac,1
E ref/mid10,05 - Blue Neck Riviera.flac,shift1.2,0.98564,0.89299,02 - Hare Tarot Lies.flac,1
E ref/mid10,05 - Phil K..flac,shift1.2,0.97748,0.78648,08 - Neptus.flac,1
E ref/mid10,05 - Stay In Touch.flac,shift1.2,0.98838,0.9281,13 - It Probably Matters.flac,1
E ref/mid10,05 - Yambe-Akka III.flac,shift1.2,0.99201,0.8709,10 - evening narcomnastics [DON’T_POST!].flac,1
E ref/mid10,06 - Eschaton.flac,shift1.2,0.98109,0.85488,05 - Yambe-Akka III.flac,1
E ref/mid10,06 - Interlude 1.flac,shift1.2,0.96476,0.77543,12 - Interlude 2.flac,1
E ref/mid10,06 - Lizard Kids.flac,shift1.2,0.9899,0.97063,09 - Ignored Pets.flac,1
E ref/mid10,06 - Planet Brasil.flac,shift1.2,0.99432,0.83803,06 - Eschaton.flac,1
E ref/mid10,06 - re_ laps (roll with iD).flac,shift1.2,0.99167,0.87193,16 - brothers [drop mic].flac,1
E ref/mid10,07 - Jupiter.flac,shift1.2,0.98396,0.86695,02 - Sun.flac,1
E ref/mid10,07 - Lunar Phobia.flac,shift1.2,0.98002,0.90523,05 - Blue Neck Riviera.flac,1
E ref/mid10,07 - Mountain Child.flac,shift1.2,0.99198,0.97988,04 - Flight of Fancy.flac,1
E ref/mid10,07 - Reptikon 7.flac,shift1.2,0.98722,0.88473,01 - ITSAME [group hugg].flac,1
E ref/mid10,08 - NYSMAW.flac,shift1.2,0.98867,0.9538,09 - Surveillance.flac,1
E ref/mid10,08 - Neptus.flac,shift1.2,0.9895,0.839,05 - (g)Raveyard tools.flac,1
E ref/mid10,08 - Wrack Attack.flac,shift1.2,0.9881,0.91866,02 - Hare Tarot Lies.flac,1
E ref/mid10,08 - a star is bored.flac,shift1.2,0.99527,0.90461,06 - Eschaton.flac,1
E ref/mid10,09 - Fiasko.flac,shift1.2,0.96218,0.70199,04 - PROVE UR NOT A ROBOT [SKIP].flac,1
E ref/mid10,09 - Ignored Pets.flac,shift1.2,0.98614,0.95958,04 - Slug Night.flac,1
E ref/mid10,09 - PROVE UR NOT A ROWBOAT [SKIPPER].flac,shift1.2,0.98094,0.58724,11 - Uhy Yuoi Yoi.flac,1
E ref/mid10,09 - Surveillance.flac,shift1.2,0.99149,0.96891,10 - Number 10.flac,1
E ref/mid10,10 - Number 10.flac,shift1.2,0.99058,0.96731,09 - Surveillance.flac,1
E ref/mid10,10 - Pleasure.flac,shift1.2,0.98039,0.85927,16 - brothers [drop mic].flac,1
E ref/mid10,10 - evening narcomnastics [DON’T_POST!].flac,shift1.2,0.99426,0.87309,05 - Yambe-Akka III.flac,1
E ref/mid10,11 - F1 Halo.flac,shift1.2,0.99076,0.68087,03 - morning narcomnastics.flac,1
E ref/mid10,11 - Party's Over.flac,shift1.2,0.99323,0.94565,02 - The Rover.flac,1
E ref/mid10,11 - Uhy Yuoi Yoi.flac,shift1.2,0.98767,0.94585,02 - Hare Tarot Lies.flac,1
E ref/mid10,12 - Interlude 2.flac,shift1.2,0.98965,0.8049,06 - Interlude 1.flac,1
E ref/mid10,12 - consent.flac,shift1.2,0.99253,0.79616,01 - Allele.flac,1
E ref/mid10,13 - It Probably Matters.flac,shift1.2,0.98432,0.93075,09 - Surveillance.flac,1
E ref/mid10,13 - tracing Rays [reality glo].flac,shift1.2,0.98556,0.87265,01 - ITSAME [group hugg].flac,1
E ref/mid10,14 - ad interim.flac,shift1.2,0.96608,0.71356,07 - Lunar Phobia.flac,1
E ref/mid10,15 - medal headz [G.B.D.F].flac,shift1.2,0.98596,0.88091,01 - ITSAME [group hugg].flac,1
E ref/mid10,16 - brothers [drop mic].flac,shift1.2,0.98327,0.88032,04 - Ziemia.flac,1
E ref/mid10,17 - No fair (42T).flac,shift1.2,0.99125,0.81034,07 - Reptikon 7.flac,1
E ref/mid10,01 - Allele.flac,shift3.0,0.989,0.8737,04 - Magical Electronic Crickets.flac,1
E ref/mid10,01 - E.flac,shift3.0,0.98812,0.91122,04 - Slug Night.flac,1
E ref/mid10,01 - ITSAME [group hugg].flac,shift3.0,0.98375,0.88946,13 - tracing Rays [reality glo].flac,1
E ref/mid10,01 - If You Really Love Nothing.flac,shift3.0,0.98934,0.9686,07 - Mountain Child.flac,1
E ref/mid10,01 - Intrus.flac,shift3.0,0.96589,0.78336,08 - Neptus.flac,1
E ref/mid10,02 - Cloud-pine.flac,shift3.0,0.98677,0.8613,02 - Sun.flac,1
E ref/mid10,02 - Fwd_ Re_ late (Ref._ karoshi).flac,shift3.0,0.99042,0.86407,08 - a star is bored.flac,1
E ref/mid10,02 - Hare Tarot Lies.flac,shift3.0,0.99228,0.94978,06 - Lizard Kids.flac,1
E ref/mid10,02 - Sun.flac,shift3.0,0.991,0.88136,03 - Europa (feat. Ania Iwanek).flac,1
E ref/mid10,02 - The Rover.flac,shift3.0,0.99121,0.96414,07 - Mountain Child.flac,1
E ref/mid10,03 - Complications.flac,shift3.0,0.98938,0.97464,07 - Mountain Child.flac,1
E ref/mid10,03 - Europa (feat. Ania Iwanek).flac,shift3.0,0.98255,0.89477,02 - Sun.flac,1
E ref/mid10,03 - Prodigy.flac,shift3.0,0.98016,0.92691,09 - Ignored Pets.flac,1
E ref/mid10,03 - Tight Dirt II.flac,shift3.0,0.98063,0.90375,08 - a star is bored.flac,1
E ref/mid10,03 - morning narcomnastics.flac,shift3.0,0.98341,0.82983,02 - Fwd_ Re_ late (Ref._ karoshi).flac,1
E ref/mid10,04 - Flight of Fancy.flac,shift3.0,0.99452,0.98014,07 - Mountain Child.flac,1
E ref/mid10,04 - Magical Electronic Crickets.flac,shift3.0,0.98796,0.8799,03 - Tight Dirt II.flac,1
E ref/mid10,04 - PROVE UR NOT A ROBOT [SKIP].flac,shift3.0,0.96447,0.70037,05 - Blue Neck Riviera.flac,1
E ref/mid10,04 - Slug Night.flac,shift3.0,0.98258,0.94092,02 - The Rover.flac,1
E ref/mid10,04 - Ziemia.flac,shift3.0,0.99458,0.88281,16 - brothers [drop mic].flac,1
E ref/mid10,05 - (g)Raveyard tools.flac,shift3.0,0.98913,0.9008,08 - a star is bored.flac,1
E ref/mid10,05 - Blue Neck Riviera.flac,shift3.0,0.97282,0.87939,02 - Hare Tarot Lies.flac,1
E ref/mid10,05 - Phil K..flac,shift3.0,0.96352,0.76665,02 - Sun.flac,1
E ref/mid10,05 - Stay In Touch.flac,shift3.0,0.98722,0.93579,03 - Complications.flac,1
E ref/mid10,05 - Yambe-Akka III.flac,shift3.0,0.98909,0.86349,10 - evening narcomnastics [DON’T_POST!].flac,1
E ref/mid10,06 - Eschaton.flac,shift3.0,0.98057,0.85676,05 - Yambe-Akka III.flac,1
E ref/mid10,06 - Interlude 1.flac,shift3.0,0.92999,0.76005,12 - Interlude 2.flac,1
E ref/mid10,06 - Lizard Kids.flac,shift3.0,0.99332,0.95998,09 - Ignored Pets.flac,1
E ref/mid10,06 - Planet Brasil.flac,shift3.0,0.98994,0.81406,06 - Eschaton.flac,1
E ref/mid10,06 - re_ laps (roll with iD).flac,shift3.0,0.98293,0.8657,16 - brothers [drop mic].flac,1
E ref/mid10,07 - Jupiter.flac,shift3.0,0.97738,0.85109,02 - Sun.flac,1
E ref/mid10,07 - Lunar Phobia.flac,shift3.0,0.98268,0.90755,05 - Blue Neck Riviera.flac,1
E ref/mid10,07 - Mountain Child.flac,shift3.0,0.9873,0.97827,04 - Flight of Fancy.flac,1
E ref/mid10,07 - Reptikon 7.flac,shift3.0,0.97947,0.90122,01 - ITSAME [group hugg].flac,1
E ref/mid10,08 - NYSMAW.flac,shift3.0,0.99052,0.95748,09 - Surveillance.flac,1
E ref/mid10,08 - Neptus.flac,shift3.0,0.98078,0.83111,05 - (g)Raveyard tools.flac,1
E ref/mid10,08 - Wrack Attack.flac,shift3.0,0.98189,0.90276,02 - Hare Tarot Lies.flac,1
E ref/mid10,08 - a star is bored.flac,shift3.0,0.99035,0.90032,06 - Eschaton.flac,1
E ref/mid10,09 - Fiasko.flac,shift3.0,0.96515,0.68279,04 - PROVE UR NOT A ROBOT [SKIP].flac,1
E ref/mid10,09 - Ignored Pets.flac,shift3.0,0.99108,0.96122,06 - Lizard Kids.flac,1
E ref/mid10,09 - PROVE UR NOT A ROWBOAT [SKIPPER].flac,shift3.0,0.96814,0.6129,11 - Uhy Yuoi Yoi.flac,1
E ref/mid10,09 - Surveillance.flac,shift3.0,0.98761,0.95809,10 - Number 10.flac,1
E ref/mid10,10 - Number 10.flac,shift3.0,0.98319,0.96918,03 - Complications.flac,1
E ref/mid10,10 - Pleasure.flac,shift3.0,0.98876,0.8456,16 - brothers [drop mic].flac,1
E ref/mid10,10 - evening narcomnastics [DON’T_POST!].flac,shift3.0,0.99188,0.89551,05 - Yambe-Akka III.flac,1
E ref/mid10,11 - F1 Halo.flac,shift3.0,0.98748,0.6691,03 - morning narcomnastics.flac,1
E ref/mid10,11 - Party's Over.flac,shift3.0,0.99247,0.93046,03 - Complications.flac,1
E ref/mid10,11 - Uhy Yuoi Yoi.flac,shift3.0,0.9772,0.92357,02 - Hare Tarot Lies.flac,1
E ref/mid10,12 - Interlude 2.flac,shift3.0,0.98632,0.78075,06 - Interlude 1.flac,1
E ref/mid10,12 - consent.flac,shift3.0,0.98615,0.78842,01 - Allele.flac,1
E ref/mid10,13 - It Probably Matters.flac,shift3.0,0.98158,0.95068,09 - Surveillance.flac,1
E ref/mid10,13 - tracing Rays [reality glo].flac,shift3.0,0.98041,0.88479,01 - ITSAME [group hugg].flac,1
E ref/mid10,14 - ad interim.flac,shift3.0,0.97912,0.67169,15 - medal headz [G.B.D.F].flac,1
E ref/mid10,15 - medal headz [G.B.D.F].flac,shift3.0,0.98621,0.87695,01 - ITSAME [group hugg].flac,1
E ref/mid10,16 - brothers [drop mic].flac,shift3.0,0.9878,0.87422,04 - Ziemia.flac,1
E ref/mid10,17 - No fair (42T).flac,shift3.0,0.9724,0.81668,07 - Reptikon 7.flac,1
E ref/mid10,01 - Allele.flac,shift5.0,0.98926,0.88232,05 - Yambe-Akka III.flac,1
E ref/mid10,01 - E.flac,shift5.0,0.99034,0.90574,04 - Slug Night.flac,1
E ref/mid10,01 - ITSAME [group hugg].flac,shift5.0,0.96226,0.89307,13 - tracing Rays [reality glo].flac,1
E ref/mid10,01 - If You Really Love Nothing.flac,shift5.0,0.99335,0.96055,07 - Mountain Child.flac,1
E ref/mid10,01 - Intrus.flac,shift5.0,0.98146,0.72258,08 - Neptus.flac,1
E ref/mid10,02 - Cloud-pine.flac,shift5.0,0.98903,0.86882,02 - Sun.flac,1
E ref/mid10,02 - Fwd_ Re_ late (Ref._ karoshi).flac,shift5.0,0.99088,0.88299,16 - brothers [drop mic].flac,1
E ref/mid10,02 - Hare Tarot Lies.flac,shift5.0,0.98342,0.94143,06 - Lizard Kids.flac,1
E ref/mid10,02 - Sun.flac,shift5.0,0.99073,0.88371,03 - Europa (feat. Ania Iwanek).flac,1
E ref/mid10,02 - The Rover.flac,shift5.0,0.98967,0.96637,07 - Mountain Child.flac,1
E ref/mid10,03 - Complications.flac,shift5.0,0.99133,0.98054,04 - Flight of Fancy.flac,1
E ref/mid10,03 - Europa (feat. Ania Iwanek).flac,shift5.0,0.98262,0.87466,02 - Sun.flac,1
E ref/mid10,03 - Prodigy.flac,shift5.0,0.98899,0.9149,09 - Ignored Pets.flac,1
E ref/mid10,03 - Tight Dirt II.flac,shift5.0,0.97931,0.89267,05 - (g)Raveyard tools.flac,1
E ref/mid10,03 - morning narcomnastics.flac,shift5.0,0.97139,0.80015,02 - Fwd_ Re_ late (Ref._ karoshi).flac,1
E ref/mid10,04 - Flight of Fancy.flac,shift5.0,0.99722,0.98282,07 - Mountain Child.flac,1
E ref/mid10,04 - Magical Electronic Crickets.flac,shift5.0,0.99143,0.88445,03 - Tight Dirt II.flac,1
E ref/mid10,04 - PROVE UR NOT A ROBOT [SKIP].flac,shift5.0,0.89372,0.70169,10 - Pleasure.flac,1
E ref/mid10,04 - Slug Night.flac,shift5.0,0.98069,0.96043,02 - The Rover.flac,1
E ref/mid10,04 - Ziemia.flac,shift5.0,0.99038,0.88728,16 - brothers [drop mic].flac,1
E ref/mid10,05 - (g)Raveyard tools.flac,shift5.0,0.99318,0.89452,03 - Tight Dirt II.flac,1
E ref/mid10,05 - Blue Neck Riviera.flac,shift5.0,0.98992,0.90782,02 - Hare Tarot Lies.flac,1
E ref/mid10,05 - Phil K..flac,shift5.0,0.96533,0.79488,02 - Sun.flac,1
E ref/mid10,05 - Stay In Touch.flac,shift5.0,0.98678,0.94153,09 - Surveillance.flac,1
E ref/mid10,05 - Yambe-Akka III.flac,shift5.0,0.99237,0.89538,06 - Eschaton.flac,1
E ref/mid10,06 - Eschaton.flac,shift5.0,0.98287,0.87613,08 - a star is bored.flac,1
E ref/mid10,06 - Interlude 1.flac,shift5.0,0.93897,0.75227,12 - Interlude 2.flac,1
E ref/mid10,06 - Lizard Kids.flac,shift5.0,0.98946,0.94743,09 - Ignored Pets.flac,1
E ref/mid10,06 - Planet Brasil.flac,shift5.0,0.99339,0.82405,06 - Eschaton.flac,1
E ref/mid10,06 - re_ laps (roll with iD).flac,shift5.0,0.98922,0.86317,16 - brothers [drop mic].flac,1
E ref/mid10,07 - Jupiter.flac,shift5.0,0.9827,0.85321,02 - Sun.flac,1
E ref/mid10,07 - Lunar Phobia.flac,shift5.0,0.97936,0.89636,03 - Prodigy.flac,1
E ref/mid10,07 - Mountain Child.flac,shift5.0,0.99612,0.98101,04 - Flight of Fancy.flac,1
E ref/mid10,07 - Reptikon 7.flac,shift5.0,0.98078,0.90947,01 - ITSAME [group hugg].flac,1
E ref/mid10,08 - NYSMAW.flac,shift5.0,0.98994,0.94888,01 - If You Really Love Nothing.flac,1
E ref/mid10,08 - Neptus.flac,shift5.0,0.97513,0.80414,05 - (g)Raveyard tools.flac,1
E ref/mid10,08 - Wrack Attack.flac,shift5.0,0.9691,0.87786,03 - Prodigy.flac,1
E ref/mid10,08 - a star is bored.flac,shift5.0,0.9915,0.90671,03 - Tight Dirt II.flac,1
E ref/mid10,09 - Fiasko.flac,shift5.0,0.97322,0.68655,04 - PROVE UR NOT A ROBOT [SKIP].flac,1
E ref/mid10,09 - Ignored Pets.flac,shift5.0,0.9907,0.954,04 - Slug Night.flac,1
E ref/mid10,09 - PROVE UR NOT A ROWBOAT [SKIPPER].flac,shift5.0,0.97281,0.59411,04 - PROVE UR NOT A ROBOT [SKIP].flac,1
E ref/mid10,09 - Surveillance.flac,shift5.0,0.99401,0.96847,03 - Complications.flac,1
E ref/mid10,10 - Number 10.flac,shift5.0,0.99044,0.96622,09 - Surveillance.flac,1
E ref/mid10,10 - Pleasure.flac,shift5.0,0.98824,0.85113,05 - Blue Neck Riviera.flac,1
E ref/mid10,10 - evening narcomnastics [DON’T_POST!].flac,shift5.0,0.9855,0.89334,05 - Yambe-Akka III.flac,1
E ref/mid10,11 - F1 Halo.flac,shift5.0,0.98483,0.67831,03 - morning narcomnastics.flac,1
E ref/mid10,11 - Party's Over.flac,shift5.0,0.99454,0.93358,03 - Complications.flac,1
E ref/mid10,11 - Uhy Yuoi Yoi.flac,shift5.0,0.96392,0.90721,08 - Wrack Attack.flac,1
E ref/mid10,12 - Interlude 2.flac,shift5.0,0.98421,0.76067,06 - Interlude 1.flac,1
E ref/mid10,12 - consent.flac,shift5.0,0.99349,0.80069,01 - Allele.flac,1
E ref/mid10,13 - It Probably Matters.flac,shift5.0,0.99141,0.93107,09 - Surveillance.flac,1
E ref/mid10,13 - tracing Rays [reality glo].flac,shift5.0,0.97002,0.8824,01 - ITSAME [group hugg].flac,1
E ref/mid10,14 - ad interim.flac,shift5.0,0.98192,0.72612,15 - medal headz [G.B.D.F].flac,1
E ref/mid10,15 - medal headz [G.B.D.F].flac,shift5.0,0.98972,0.86933,01 - ITSAME [group hugg].flac,1
E ref/mid10,16 - brothers [drop mic].flac,shift5.0,0.99449,0.87832,04 - Ziemia.flac,1
E ref/mid10,17 - No fair (42T).flac,shift5.0,0.99249,0.82751,07 - Reptikon 7.flac,1
E ref/mid10,01 - Allele.flac,mp3_320k,0.99975,0.87842,04 - Magical Electronic Crickets.flac,1
E ref/mid10,01 - E.flac,mp3_320k,0.99979,0.90223,04 - Slug Night.flac,1
E ref/mid10,01 - ITSAME [group hugg].flac,mp3_320k,0.99985,0.90266,13 - tracing Rays [reality glo].flac,1
E ref/mid10,01 - If You Really Love Nothing.flac,mp3_320k,0.99996,0.96412,07 - Mountain Child.flac,1
E ref/mid10,01 - Intrus.flac,mp3_320k,0.99969,0.71758,08 - Neptus.flac,1
E ref/mid10,02 - Cloud-pine.flac,mp3_320k,0.99992,0.84923,02 - Sun.flac,1
E ref/mid10,02 - Fwd_ Re_ late (Ref._ karoshi).flac,mp3_320k,0.99989,0.86789,16 - brothers [drop mic].flac,1
E ref/mid10,02 - Hare Tarot Lies.flac,mp3_320k,0.99995,0.95419,06 - Lizard Kids.flac,1
E ref/mid10,02 - Sun.flac,mp3_320k,0.99997,0.8843,03 - Europa (feat. Ania Iwanek).flac,1
E ref/mid10,02 - The Rover.flac,mp3_320k,0.99997,0.95197,07 - Mountain Child.flac,1
E ref/mid10,03 - Complications.flac,mp3_320k,0.99996,0.97103,04 - Flight of Fancy.flac,1
E ref/mid10,03 - Europa (feat. Ania Iwanek).flac,mp3_320k,0.99996,0.88337,02 - Sun.flac,1
E ref/mid10,03 - Prodigy.flac,mp3_320k,0.99991,0.90896,09 - Ignored Pets.flac,1
E ref/mid10,03 - Tight Dirt II.flac,mp3_320k,0.9999,0.90327,04 - Magical Electronic Crickets.flac,1
E ref/mid10,03 - morning narcomnastics.flac,mp3_320k,0.99994,0.87389,16 - brothers [drop mic].flac,1
E ref/mid10,04 - Flight of Fancy.flac,mp3_320k,0.99997,0.97912,07 - Mountain Child.flac,1
E ref/mid10,04 - Magical Electronic Crickets.flac,mp3_320k,0.99992,0.90166,03 - Tight Dirt II.flac,1
E ref/mid10,04 - PROVE UR NOT A ROBOT [SKIP].flac,mp3_320k,0.99994,0.71898,07 - Lunar Phobia.flac,1
E ref/mid10,04 - Slug Night.flac,mp3_320k,0.99998,0.94902,09 - Ignored Pets.flac,1
E ref/mid10,04 - Ziemia.flac,mp3_320k,0.99993,0.88237,16 - brothers [drop mic].flac,1
E ref/mid10,05 - (g)Raveyard tools.flac,mp3_320k,0.99983,0.88408,03 - Tight Dirt II.flac,1
E ref/mid10,05 - Blue Neck Riviera.flac,mp3_320k,0.99995,0.92564,02 - Hare Tarot Lies.flac,1
E ref/mid10,05 - Phil K..flac,mp3_320k,0.99965,0.73177,05 - Blue Neck Riviera.flac,1
E ref/mid10,05 - Stay In Touch.flac,mp3_320k,0.99987,0.94268,09 - Surveillance.flac,1
E ref/mid10,05 - Yambe-Akka III.flac,mp3_320k,0.99996,0.88325,10 - evening narcomnastics [DON’T_POST!].flac,1
E ref/mid10,06 - Eschaton.flac,mp3_320k,0.99978,0.8867,08 - a star is bored.flac,1
E ref/mid10,06 - Interlude 1.flac,mp3_320k,0.94331,0.85441,12 - Interlude 2.flac,1
E ref/mid10,06 - Lizard Kids.flac,mp3_320k,0.99997,0.95647,09 - Ignored Pets.flac,1
E ref/mid10,06 - Planet Brasil.flac,mp3_320k,0.99991,0.82801,07 - Reptikon 7.flac,1
E ref/mid10,06 - re_ laps (roll with iD).flac,mp3_320k,0.99996,0.85778,05 - Blue Neck Riviera.flac,1
E ref/mid10,07 - Jupiter.flac,mp3_320k,0.99987,0.85528,02 - Sun.flac,1
E ref/mid10,07 - Lunar Phobia.flac,mp3_320k,0.99995,0.9142,06 - Lizard Kids.flac,1
E ref/mid10,07 - Mountain Child.flac,mp3_320k,0.99995,0.97925,04 - Flight of Fancy.flac,1
E ref/mid10,07 - Reptikon 7.flac,mp3_320k,0.99993,0.89004,01 - ITSAME [group hugg].flac,1
E ref/mid10,08 - NYSMAW.flac,mp3_320k,0.99992,0.95792,09 - Surveillance.flac,1
E ref/mid10,08 - Neptus.flac,mp3_320k,0.99992,0.83104,05 - (g)Raveyard tools.flac,1
E ref/mid10,08 - Wrack Attack.flac,mp3_320k,0.99986,0.9,02 - Hare Tarot Lies.flac,1
E ref/mid10,08 - a star is bored.flac,mp3_320k,0.99992,0.8882,06 - Eschaton.flac,1
E ref/mid10,09 - Fiasko.flac,mp3_320k,0.99964,0.68666,04 - PROVE UR NOT A ROBOT [SKIP].flac,1
E ref/mid10,09 - Ignored Pets.flac,mp3_320k,0.99997,0.95617,06 - Lizard Kids.flac,1
E ref/mid10,09 - PROVE UR NOT A ROWBOAT [SKIPPER].flac,mp3_320k,0.99994,0.56497,10 - Pleasure.flac,1
E ref/mid10,09 - Surveillance.flac,mp3_320k,0.99994,0.96684,03 - Complications.flac,1
E ref/mid10,10 - Number 10.flac,mp3_320k,0.99993,0.9672,09 - Surveillance.flac,1
E ref/mid10,10 - Pleasure.flac,mp3_320k,0.99981,0.83567,16 - brothers [drop mic].flac,1
E ref/mid10,10 - evening narcomnastics [DON’T_POST!].flac,mp3_320k,0.99997,0.8822,05 - Yambe-Akka III.flac,1
E ref/mid10,11 - F1 Halo.flac,mp3_320k,0.99959,0.68899,03 - morning narcomnastics.flac,1
E ref/mid10,11 - Party's Over.flac,mp3_320k,0.99996,0.95094,03 - Complications.flac,1
E ref/mid10,11 - Uhy Yuoi Yoi.flac,mp3_320k,0.99997,0.94228,02 - Hare Tarot Lies.flac,1
E ref/mid10,12 - Interlude 2.flac,mp3_320k,0.95344,0.69538,06 - Interlude 1.flac,1
E ref/mid10,12 - consent.flac,mp3_320k,0.99994,0.80967,01 - Allele.flac,1
E ref/mid10,13 - It Probably Matters.flac,mp3_320k,0.99997,0.94201,09 - Surveillance.flac,1
E ref/mid10,13 - tracing Rays [reality glo].flac,mp3_320k,0.99992,0.90083,01 - ITSAME [group hugg].flac,1
E ref/mid10,14 - ad interim.flac,mp3_320k,0.99991,0.71734,03 - Prodigy.flac,1
E ref/mid10,15 - medal headz [G.B.D.F].flac,mp3_320k,0.99993,0.85,01 - ITSAME [group hugg].flac,1
E ref/mid10,16 - brothers [drop mic].flac,mp3_320k,0.99974,0.88308,04 - Ziemia.flac,1
E ref/mid10,17 - No fair (42T).flac,mp3_320k,0.99993,0.82431,07 - Reptikon 7.flac,1
E ref/mid10,01 - Allele.flac,mp3_128k,0.93819,0.83012,04 - Magical Electronic Crickets.flac,1
E ref/mid10,01 - E.flac,mp3_128k,0.98937,0.88805,04 - Slug Night.flac,1
E ref/mid10,01 - ITSAME [group hugg].flac,mp3_128k,0.93557,0.84829,13 - tracing Rays [reality glo].flac,1
E ref/mid10,01 - If You Really Love Nothing.flac,mp3_128k,0.96977,0.96973,08 - NYSMAW.flac,1
E ref/mid10,01 - Intrus.flac,mp3_128k,0.95533,0.68982,08 - Neptus.flac,1
E ref/mid10,02 - Cloud-pine.flac,mp3_128k,0.93056,0.79442,02 - Sun.flac,1
E ref/mid10,02 - Fwd_ Re_ late (Ref._ karoshi).flac,mp3_128k,0.78396,0.79749,01 - ITSAME [group hugg].flac,0
E ref/mid10,02 - Hare Tarot Lies.flac,mp3_128k,0.97753,0.9415,11 - Uhy Yuoi Yoi.flac,1
E ref/mid10,02 - Sun.flac,mp3_128k,0.98444,0.8725,03 - Europa (feat. Ania Iwanek).flac,1
E ref/mid10,02 - The Rover.flac,mp3_128k,0.98577,0.94272,08 - NYSMAW.flac,1
E ref/mid10,03 - Complications.flac,mp3_128k,0.97606,0.96838,09 - Surveillance.flac,1
E ref/mid10,03 - Europa (feat. Ania Iwanek).flac,mp3_128k,0.96913,0.89579,05 - Blue Neck Riviera.flac,1
E ref/mid10,03 - Prodigy.flac,mp3_128k,0.98515,0.8901,09 - Ignored Pets.flac,1
E ref/mid10,03 - Tight Dirt II.flac,mp3_128k,0.92368,0.86474,08 - a star is bored.flac,1
E ref/mid10,03 - morning narcomnastics.flac,mp3_128k,0.9068,0.84045,16 - brothers [drop mic].flac,1
E ref/mid10,04 - Flight of Fancy.flac,mp3_128k,0.98306,0.96283,07 - Mountain Child.flac,1
E ref/mid10,04 - Magical Electronic Crickets.flac,mp3_128k,0.8306,0.74733,01 - Allele.flac,1
E ref/mid10,04 - PROVE UR NOT A ROBOT [SKIP].flac,mp3_128k,0.98862,0.70961,07 - Lunar Phobia.flac,1
E ref/mid10,04 - Slug Night.flac,mp3_128k,0.99291,0.94884,02 - The Rover.flac,1
E ref/mid10,04 - Ziemia.flac,mp3_128k,0.97309,0.85459,16 - brothers [drop mic].flac,1
E ref/mid10,05 - (g)Raveyard tools.flac,mp3_128k,0.85803,0.80565,08 - a star is bored.flac,1
E ref/mid10,05 - Blue Neck Riviera.flac,mp3_128k,0.98511,0.91645,02 - Hare Tarot Lies.flac,1
E ref/mid10,05 - Phil K..flac,mp3_128k,0.94635,0.70165,13 - It Probably Matters.flac,1
E ref/mid10,05 - Stay In Touch.flac,mp3_128k,0.97507,0.9362,08 - NYSMAW.flac,1
E ref/mid10,05 - Yambe-Akka III.flac,mp3_128k,0.92268,0.8148,01 - Allele.flac,1
E ref/mid10,06 - Eschaton.flac,mp3_128k,0.89691,0.84431,08 - a star is bored.flac,1
E ref/mid10,06 - Interlude 1.flac,mp3_128k,0.84079,0.83506,12 - Interlude 2.flac,1
E ref/mid10,06 - Lizard Kids.flac,mp3_128k,0.99023,0.95896,02 - Hare Tarot Lies.flac,1
E ref/mid10,06 - Planet Brasil.flac,mp3_128k,0.92677,0.77864,13 - tracing Rays [reality glo].flac,1
E ref/mid10,06 - re_ laps (roll with iD).flac,mp3_128k,0.95217,0.86536,05 - Blue Neck Riviera.flac,1
E ref/mid10,07 - Jupiter.flac,mp3_128k,0.95887,0.79595,02 - Sun.flac,1
E ref/mid10,07 - Lunar Phobia.flac,mp3_128k,0.97978,0.89897,02 - Hare Tarot Lies.flac,1
E ref/mid10,07 - Mountain Child.flac,mp3_128k,0.98814,0.97022,04 - Flight of Fancy.flac,1
E ref/mid10,07 - Reptikon 7.flac,mp3_128k,0.92469,0.86194,01 - ITSAME [group hugg].flac,1
E ref/mid10,08 - NYSMAW.flac,mp3_128k,0.98791,0.94124,09 - Surveillance.flac,1
E ref/mid10,08 - Neptus.flac,mp3_128k,0.9171,0.73805,05 - Blue Neck Riviera.flac,1
E ref/mid10,08 - Wrack Attack.flac,mp3_128k,0.98898,0.91178,11 - Uhy Yuoi Yoi.flac,1
E ref/mid10,08 - a star is bored.flac,mp3_128k,0.87302,0.80322,01 - ITSAME [group hugg].flac,1
E ref/mid10,09 - Fiasko.flac,mp3_128k,0.87187,0.60159,04 - PROVE UR NOT A ROBOT [SKIP].flac,1
E ref/mid10,09 - Ignored Pets.flac,mp3_128k,0.98682,0.93596,06 - Lizard Kids.flac,1
E ref/mid10,09 - PROVE UR NOT A ROWBOAT [SKIPPER].flac,mp3_128k,0.90367,0.60906,11 - Uhy Yuoi Yoi.flac,1
E ref/mid10,09 - Surveillance.flac,mp3_128k,0.99248,0.95963,08 - NYSMAW.flac,1
E ref/mid10,10 - Number 10.flac,mp3_128k,0.97329,0.96681,09 - Surveillance.flac,1
E ref/mid10,10 - Pleasure.flac,mp3_128k,0.91136,0.81276,07 - Lunar Phobia.flac,1
E ref/mid10,10 - evening narcomnastics [DON’T_POST!].flac,mp3_128k,0.96582,0.87159,05 - Yambe-Akka III.flac,1
E ref/mid10,11 - F1 Halo.flac,mp3_128k,0.87949,0.67077,03 - morning narcomnastics.flac,1
E ref/mid10,11 - Party's Over.flac,mp3_128k,0.9779,0.94156,09 - Surveillance.flac,1
E ref/mid10,11 - Uhy Yuoi Yoi.flac,mp3_128k,0.95797,0.89022,02 - Hare Tarot Lies.flac,1
E ref/mid10,12 - Interlude 2.flac,mp3_128k,0.88711,0.66334,06 - Interlude 1.flac,1
E ref/mid10,12 - consent.flac,mp3_128k,0.84537,0.75649,01 - Allele.flac,1
E ref/mid10,13 - It Probably Matters.flac,mp3_128k,0.9799,0.93933,08 - NYSMAW.flac,1
E ref/mid10,13 - tracing Rays [reality glo].flac,mp3_128k,0.95738,0.8623,01 - ITSAME [group hugg].flac,1
E ref/mid10,14 - ad interim.flac,mp3_128k,0.87234,0.70029,05 - Blue Neck Riviera.flac,1
E ref/mid10,15 - medal headz [G.B.D.F].flac,mp3_128k,0.84988,0.8366,01 - ITSAME [group hugg].flac,1
E ref/mid10,16 - brothers [drop mic].flac,mp3_128k,0.89523,0.83079,04 - Ziemia.flac,1
E ref/mid10,17 - No fair (42T).flac,mp3_128k,0.89054,0.793,07 - Reptikon 7.flac,1
